{
    "Symbol": "A",
    "Date": "2025-01-10",
    "Close": 137.9600067138672,
    "Williams_R_21": -50.338761359276624,
    "EMA_13_Williams_R": -58.41930687945941,
    "RSI_14": 56.03146176831403,
    "RSI_21": 53.46739526016899
}