{
    "Symbol": "AAPL",
    "Date": "2025-01-10",
    "Close": 233.47999572753906,
    "Williams_R_21": -99.47683356293736,
    "EMA_13_Williams_R": -60.54005508063904,
    "RSI_14": 33.98567698661491,
    "RSI_21": 40.95253023528399
}