{
    "Symbol": "ABBV",
    "Date": "2025-01-10",
    "Close": 176.44149780273438,
    "Williams_R_21": -47.89719447315038,
    "EMA_13_Williams_R": -35.94782956258692,
    "RSI_14": 46.33435300375905,
    "RSI_21": 46.43558159848897
}