{
    "Symbol": "ABNB",
    "Date": "2025-01-10",
    "Close": 129.75,
    "Williams_R_21": -80.5255204528584,
    "EMA_13_Williams_R": -62.20796787091498,
    "RSI_14": 41.75281659440914,
    "RSI_21": 44.50187864383957
}