{
    "Symbol": "ABT",
    "Date": "2025-01-10",
    "Close": 112.70500183105469,
    "Williams_R_21": -72.11344654497461,
    "EMA_13_Williams_R": -65.08194284765024,
    "RSI_14": 42.469648629398655,
    "RSI_21": 44.37500630860987
}