{
    "Symbol": "ACGL",
    "Date": "2025-01-10",
    "Close": 90.58000183105469,
    "Williams_R_21": -72.18450084420202,
    "EMA_13_Williams_R": -70.83398102832317,
    "RSI_14": 39.4705116687132,
    "RSI_21": 40.41195442306394
}