{
    "Symbol": "ACN",
    "Date": "2025-01-10",
    "Close": 351.739990234375,
    "Williams_R_21": -81.72077423446008,
    "EMA_13_Williams_R": -69.48898097660981,
    "RSI_14": 45.424204941117786,
    "RSI_21": 47.02046656792115
}