{
    "Symbol": "ADBE",
    "Date": "2025-01-10",
    "Close": 407.239990234375,
    "Williams_R_21": -99.96567715741486,
    "EMA_13_Williams_R": -91.02074478088596,
    "RSI_14": 21.484821286914247,
    "RSI_21": 27.673915848781544
}