{
    "Symbol": "ADI",
    "Date": "2025-01-10",
    "Close": 214.47999572753906,
    "Williams_R_21": -44.904486765184686,
    "EMA_13_Williams_R": -48.481446890475596,
    "RSI_14": 48.155803754876885,
    "RSI_21": 48.00056459654443
}