{
    "Symbol": "ADM",
    "Date": "2025-01-10",
    "Close": 50.18199920654297,
    "Williams_R_21": -64.00002466068439,
    "EMA_13_Williams_R": -77.49954735444143,
    "RSI_14": 42.616825327131416,
    "RSI_21": 41.66861164797956
}