{
    "Symbol": "ADP",
    "Date": "2025-01-10",
    "Close": 288.2799987792969,
    "Williams_R_21": -85.86450783554744,
    "EMA_13_Williams_R": -75.31482386401464,
    "RSI_14": 41.049713616513216,
    "RSI_21": 44.079679524818246
}