{
    "Symbol": "ADSK",
    "Date": "2025-01-10",
    "Close": 286.79998779296875,
    "Williams_R_21": -97.68959383264925,
    "EMA_13_Williams_R": -75.87426698139,
    "RSI_14": 38.2362705450261,
    "RSI_21": 42.80074143038458
}