{
    "Symbol": "AEE",
    "Date": "2025-01-10",
    "Close": 88.05000305175781,
    "Williams_R_21": -64.89356176080047,
    "EMA_13_Williams_R": -63.78443696012438,
    "RSI_14": 43.89087252357447,
    "RSI_21": 46.32759832923102
}