{
    "Symbol": "AEP",
    "Date": "2025-01-10",
    "Close": 92.83499908447266,
    "Williams_R_21": -48.412762487587095,
    "EMA_13_Williams_R": -76.78914736729504,
    "RSI_14": 48.390486185389676,
    "RSI_21": 46.25743790017845
}