{
    "Symbol": "AES",
    "Date": "2025-01-10",
    "Close": 12.140000343322754,
    "Williams_R_21": -95.10086138519709,
    "EMA_13_Williams_R": -68.11258400641343,
    "RSI_14": 33.47323285129169,
    "RSI_21": 35.32866143460432
}