{
    "Symbol": "AFL",
    "Date": "2025-01-10",
    "Close": 100.66000366210938,
    "Williams_R_21": -93.12975654359167,
    "EMA_13_Williams_R": -76.65817607090752,
    "RSI_14": 36.5080769703126,
    "RSI_21": 38.57215086567794
}