{
    "Symbol": "AIG",
    "Date": "2025-01-10",
    "Close": 69.91000366210938,
    "Williams_R_21": -85.80400849727532,
    "EMA_13_Williams_R": -67.51906793256484,
    "RSI_14": 32.64267559300112,
    "RSI_21": 37.142404579264365
}