{
    "Symbol": "AIZ",
    "Date": "2025-01-10",
    "Close": 199.35000610351562,
    "Williams_R_21": -98.60852001053112,
    "EMA_13_Williams_R": -81.90699622107576,
    "RSI_14": 29.102512438038218,
    "RSI_21": 36.52260626468125
}