{
    "Symbol": "AJG",
    "Date": "2025-01-10",
    "Close": 284.739990234375,
    "Williams_R_21": -37.38069316102494,
    "EMA_13_Williams_R": -73.89320243560346,
    "RSI_14": 48.427195857964314,
    "RSI_21": 47.796181700634094
}