{
    "Symbol": "AKAM",
    "Date": "2025-01-10",
    "Close": 90.93499755859375,
    "Williams_R_21": -96.87499755718723,
    "EMA_13_Williams_R": -69.62665930661223,
    "RSI_14": 34.688878944336885,
    "RSI_21": 39.295541999291586
}