{
    "Symbol": "ALB",
    "Date": "2025-01-10",
    "Close": 86.5,
    "Williams_R_21": -91.41049528063348,
    "EMA_13_Williams_R": -87.55833823501668,
    "RSI_14": 36.44192405156409,
    "RSI_21": 39.84578283108824
}