{
    "Symbol": "ALGN",
    "Date": "2025-01-10",
    "Close": 210.13999938964844,
    "Williams_R_21": -85.7109014367787,
    "EMA_13_Williams_R": -76.95369958911651,
    "RSI_14": 41.92535638875176,
    "RSI_21": 43.47002864900107
}