{
    "Symbol": "ALL",
    "Date": "2025-01-10",
    "Close": 181.5,
    "Williams_R_21": -96.34532699705815,
    "EMA_13_Williams_R": -78.65304171723265,
    "RSI_14": 33.8662897111753,
    "RSI_21": 38.12010000534333
}