{
    "Symbol": "ALLE",
    "Date": "2025-01-10",
    "Close": 126.35749816894531,
    "Williams_R_21": -99.82328828917176,
    "EMA_13_Williams_R": -89.84080487126276,
    "RSI_14": 27.24438600542503,
    "RSI_21": 30.811870170093336
}