{
    "Symbol": "AMAT",
    "Date": "2025-01-10",
    "Close": 170.80499267578125,
    "Williams_R_21": -48.22993298267447,
    "EMA_13_Williams_R": -53.566947904258924,
    "RSI_14": 49.112854606968725,
    "RSI_21": 47.43167370287371
}