{
    "Symbol": "AMCR",
    "Date": "2025-01-10",
    "Close": 9.45009994506836,
    "Williams_R_21": -86.43220832121035,
    "EMA_13_Williams_R": -84.5070786291406,
    "RSI_14": 37.85700966272154,
    "RSI_21": 37.75520360813343
}