{
    "Symbol": "AMD",
    "Date": "2025-01-10",
    "Close": 115.51499938964844,
    "Williams_R_21": -94.04084288400355,
    "EMA_13_Williams_R": -78.1531038789128,
    "RSI_14": 34.113300338514655,
    "RSI_21": 35.95625767785954
}