{
    "Symbol": "AME",
    "Date": "2025-01-10",
    "Close": 176.32000732421875,
    "Williams_R_21": -98.00529796755679,
    "EMA_13_Williams_R": -89.12453419606179,
    "RSI_14": 30.52391889134264,
    "RSI_21": 37.48922005884036
}