{
    "Symbol": "AMGN",
    "Date": "2025-01-10",
    "Close": 262.18499755859375,
    "Williams_R_21": -63.882122709242424,
    "EMA_13_Williams_R": -71.06544399810318,
    "RSI_14": 39.65668094061882,
    "RSI_21": 37.687849761918166
}