{
    "Symbol": "AMP",
    "Date": "2025-01-10",
    "Close": 516.1799926757812,
    "Williams_R_21": -97.85996002106674,
    "EMA_13_Williams_R": -78.40264294676152,
    "RSI_14": 35.69148821763125,
    "RSI_21": 40.88992476271789
}