{
    "Symbol": "AMT",
    "Date": "2025-01-10",
    "Close": 175.48779296875,
    "Williams_R_21": -91.21746823035451,
    "EMA_13_Williams_R": -86.19629947071599,
    "RSI_14": 29.20714103381592,
    "RSI_21": 31.526190128509953
}