{
    "Symbol": "AMZN",
    "Date": "2025-01-10",
    "Close": 217.6999969482422,
    "Williams_R_21": -92.72729122277461,
    "EMA_13_Williams_R": -51.48631081606643,
    "RSI_14": 46.5488525093528,
    "RSI_21": 50.75586352803463
}