{
    "Symbol": "ANET",
    "Date": "2025-01-10",
    "Close": 113.69000244140625,
    "Williams_R_21": -40.957102782998916,
    "EMA_13_Williams_R": -26.0755821841936,
    "RSI_14": 55.502689959414106,
    "RSI_21": 56.59762629113499
}