{
    "Symbol": "ANSS",
    "Date": "2025-01-10",
    "Close": 337.25,
    "Williams_R_21": -60.220239057882594,
    "EMA_13_Williams_R": -65.1181206713397,
    "RSI_14": 47.085336320846515,
    "RSI_21": 48.711470850794015
}