{
    "Symbol": "AON",
    "Date": "2025-01-10",
    "Close": 350.0950012207031,
    "Williams_R_21": -80.91515127836695,
    "EMA_13_Williams_R": -87.16681379757689,
    "RSI_14": 34.7033505473898,
    "RSI_21": 38.48080819067031
}