{
    "Symbol": "AOS",
    "Date": "2025-01-10",
    "Close": 68.69999694824219,
    "Williams_R_21": -77.09582770360946,
    "EMA_13_Williams_R": -83.42755318520061,
    "RSI_14": 39.23737405554746,
    "RSI_21": 38.08868797601451
}