{
    "Symbol": "APA",
    "Date": "2025-01-10",
    "Close": 23.80500030517578,
    "Williams_R_21": -16.024073959173542,
    "EMA_13_Williams_R": -27.61098194019457,
    "RSI_14": 64.78495092470364,
    "RSI_21": 57.7758491773402
}