{
    "Symbol": "APD",
    "Date": "2025-01-10",
    "Close": 291.7349853515625,
    "Williams_R_21": -69.8424076358398,
    "EMA_13_Williams_R": -88.22159158384983,
    "RSI_14": 41.870272696379836,
    "RSI_21": 41.505878729082674
}