{
    "Symbol": "APH",
    "Date": "2025-01-10",
    "Close": 70.13999938964844,
    "Williams_R_21": -78.9445153649573,
    "EMA_13_Williams_R": -67.96521161350368,
    "RSI_14": 44.738657223703385,
    "RSI_21": 47.21362752840244
}