{
    "Symbol": "APO",
    "Date": "2025-01-10",
    "Close": 155.89100646972656,
    "Williams_R_21": -98.36944729194624,
    "EMA_13_Williams_R": -81.47708701920679,
    "RSI_14": 33.63033609419048,
    "RSI_21": 41.1942649953551
}