{
    "Symbol": "APTV",
    "Date": "2025-01-10",
    "Close": 58.959999084472656,
    "Williams_R_21": -53.545598330586856,
    "EMA_13_Williams_R": -21.246365403693062,
    "RSI_14": 48.110214080146704,
    "RSI_21": 48.085550270089136
}