{
    "Symbol": "ARE",
    "Date": "2025-01-10",
    "Close": 95.55500030517578,
    "Williams_R_21": -96.02688398655857,
    "EMA_13_Williams_R": -83.51131872042826,
    "RSI_14": 34.38334056004049,
    "RSI_21": 36.02287428597836
}