{
    "Symbol": "ATO",
    "Date": "2025-01-10",
    "Close": 137.21499633789062,
    "Williams_R_21": -83.63772352426835,
    "EMA_13_Williams_R": -78.54330693195867,
    "RSI_14": 41.22206205179111,
    "RSI_21": 43.229400070108966
}