{
    "Symbol": "AVB",
    "Date": "2025-01-10",
    "Close": 213.5,
    "Williams_R_21": -79.24514987387975,
    "EMA_13_Williams_R": -81.50979374073034,
    "RSI_14": 38.533498640165014,
    "RSI_21": 40.96197950010875
}