{
    "Symbol": "AVGO",
    "Date": "2025-01-10",
    "Close": 222.7449951171875,
    "Williams_R_21": -34.73913247221667,
    "EMA_13_Williams_R": -24.380184743780983,
    "RSI_14": 54.35350438970127,
    "RSI_21": 56.92502894413261
}