{
    "Symbol": "AVY",
    "Date": "2025-01-10",
    "Close": 185.8000030517578,
    "Williams_R_21": -82.5149209154716,
    "EMA_13_Williams_R": -82.83057817405027,
    "RSI_14": 36.08893093183948,
    "RSI_21": 36.36305702354664
}