{
    "Symbol": "AWK",
    "Date": "2025-01-10",
    "Close": 121.6050033569336,
    "Williams_R_21": -84.35175075900139,
    "EMA_13_Williams_R": -86.08048570110378,
    "RSI_14": 28.81861669314574,
    "RSI_21": 32.247838864616135
}