{
    "Symbol": "AXON",
    "Date": "2025-01-10",
    "Close": 563.9400024414062,
    "Williams_R_21": -82.39240979062633,
    "EMA_13_Williams_R": -79.52429626002058,
    "RSI_14": 37.87651607736813,
    "RSI_21": 44.515374012080564
}