{
    "Symbol": "AXP",
    "Date": "2025-01-10",
    "Close": 295.1700134277344,
    "Williams_R_21": -51.464810993797734,
    "EMA_13_Williams_R": -29.369437737032666,
    "RSI_14": 46.565139347637626,
    "RSI_21": 50.21216158657398
}