{
    "Symbol": "AZO",
    "Date": "2025-01-10",
    "Close": 3285.324951171875,
    "Williams_R_21": -54.246505471996905,
    "EMA_13_Williams_R": -55.35599864411192,
    "RSI_14": 54.78781482150909,
    "RSI_21": 54.71456197196858
}