{
    "Symbol": "BA",
    "Date": "2025-01-10",
    "Close": 167.88499450683594,
    "Williams_R_21": -63.43415554994566,
    "EMA_13_Williams_R": -32.020339065642965,
    "RSI_14": 48.27490794912851,
    "RSI_21": 52.12696648547932
}