{
    "Symbol": "BAC",
    "Date": "2025-01-10",
    "Close": 44.880001068115234,
    "Williams_R_21": -45.73641347740459,
    "EMA_13_Williams_R": -50.92602967529305,
    "RSI_14": 49.04143895786003,
    "RSI_21": 50.65509132930055
}