{
    "Symbol": "BALL",
    "Date": "2025-01-10",
    "Close": 52.41999816894531,
    "Williams_R_21": -97.89790701417452,
    "EMA_13_Williams_R": -93.15767961204003,
    "RSI_14": 22.04807394522317,
    "RSI_21": 27.76138748858842
}