{
    "Symbol": "BAX",
    "Date": "2025-01-10",
    "Close": 29.260000228881836,
    "Williams_R_21": -73.86363759513713,
    "EMA_13_Williams_R": -79.65824235136459,
    "RSI_14": 36.752426364782806,
    "RSI_21": 35.95454428845785
}