{
    "Symbol": "BBY",
    "Date": "2025-01-10",
    "Close": 84.19000244140625,
    "Williams_R_21": -81.4775670378119,
    "EMA_13_Williams_R": -73.09894399794962,
    "RSI_14": 41.52875129218071,
    "RSI_21": 42.79063049897102
}