{
    "Symbol": "BDX",
    "Date": "2025-01-10",
    "Close": 235.39500427246094,
    "Williams_R_21": -4.746816550425982,
    "EMA_13_Williams_R": -25.797682160614315,
    "RSI_14": 67.65900250432178,
    "RSI_21": 60.92596821374071
}