{
    "Symbol": "BEN",
    "Date": "2025-01-10",
    "Close": 19.110000610351562,
    "Williams_R_21": -99.40766470061727,
    "EMA_13_Williams_R": -83.39274298540963,
    "RSI_14": 31.78580971247498,
    "RSI_21": 36.73193704879815
}