{
    "Symbol": "BF-B",
    "Date": "2025-01-10",
    "Close": 33.880001068115234,
    "Williams_R_21": -99.9163701186798,
    "EMA_13_Williams_R": -88.89105948907412,
    "RSI_14": 20.56007887260573,
    "RSI_21": 25.90765546829794
}