{
    "Symbol": "BG",
    "Date": "2025-01-10",
    "Close": 78.31999969482422,
    "Williams_R_21": -74.80391702208186,
    "EMA_13_Williams_R": -86.41683368264235,
    "RSI_14": 38.300171205436506,
    "RSI_21": 37.43574778357356
}