{
    "Symbol": "BIIB",
    "Date": "2025-01-10",
    "Close": 148.0449981689453,
    "Williams_R_21": -77.34201678816763,
    "EMA_13_Williams_R": -69.42027122646874,
    "RSI_14": 37.306949408183904,
    "RSI_21": 36.30704804153308
}