{
    "Symbol": "BK",
    "Date": "2025-01-10",
    "Close": 75.95999908447266,
    "Williams_R_21": -96.6480407241812,
    "EMA_13_Williams_R": -73.16422911921427,
    "RSI_14": 38.61086164846575,
    "RSI_21": 43.48010363961291
}