{
    "Symbol": "BKNG",
    "Date": "2025-01-10",
    "Close": 4720.0,
    "Williams_R_21": -100.0,
    "EMA_13_Williams_R": -81.3979088249997,
    "RSI_14": 33.41181768717893,
    "RSI_21": 40.30736937340509
}