{
    "Symbol": "BKR",
    "Date": "2025-01-10",
    "Close": 43.0099983215332,
    "Williams_R_21": -25.000058150849508,
    "EMA_13_Williams_R": -40.22986120198045,
    "RSI_14": 60.684488610263024,
    "RSI_21": 58.898617193908734
}