{
    "Symbol": "BLDR",
    "Date": "2025-01-10",
    "Close": 138.7050018310547,
    "Williams_R_21": -99.07007772521516,
    "EMA_13_Williams_R": -93.20804894965588,
    "RSI_14": 24.90742889968022,
    "RSI_21": 29.27738410717735
}