{
    "Symbol": "BLK",
    "Date": "2025-01-10",
    "Close": 950.1699829101562,
    "Williams_R_21": -100.0,
    "EMA_13_Williams_R": -75.50115373764916,
    "RSI_14": 27.57622189723856,
    "RSI_21": 34.63791592924842
}