{
    "Symbol": "BMY",
    "Date": "2025-01-10",
    "Close": 56.17499923706055,
    "Williams_R_21": -53.93554261359649,
    "EMA_13_Williams_R": -55.274291503208744,
    "RSI_14": 47.44322444068722,
    "RSI_21": 50.089068513537995
}