{
    "Symbol": "BR",
    "Date": "2025-01-10",
    "Close": 220.4199981689453,
    "Williams_R_21": -97.39710253606023,
    "EMA_13_Williams_R": -66.80198055646089,
    "RSI_14": 38.89289776169491,
    "RSI_21": 43.03410424658289
}