{
    "Symbol": "BRK-B",
    "Date": "2025-01-10",
    "Close": 442.4399108886719,
    "Williams_R_21": -96.92924344199996,
    "EMA_13_Williams_R": -80.91126703957724,
    "RSI_14": 32.45675934463201,
    "RSI_21": 37.38904176306117
}