{
    "Symbol": "BRO",
    "Date": "2025-01-10",
    "Close": 101.79000091552734,
    "Williams_R_21": -68.05554924818689,
    "EMA_13_Williams_R": -82.47375425964252,
    "RSI_14": 41.25432859814836,
    "RSI_21": 42.39267398329572
}