{
    "Symbol": "BSX",
    "Date": "2025-01-10",
    "Close": 95.25,
    "Williams_R_21": -19.02831757131903,
    "EMA_13_Williams_R": -25.4996058806462,
    "RSI_14": 69.09262247618577,
    "RSI_21": 65.95554485352434
}