{
    "Symbol": "BWA",
    "Date": "2025-01-10",
    "Close": 31.0,
    "Williams_R_21": -93.68189747523563,
    "EMA_13_Williams_R": -80.17806395622037,
    "RSI_14": 36.28761507639818,
    "RSI_21": 39.21885821701788
}