{
    "Symbol": "BX",
    "Date": "2025-01-10",
    "Close": 165.0447998046875,
    "Williams_R_21": -99.16165486810291,
    "EMA_13_Williams_R": -75.70167379927867,
    "RSI_14": 34.74139180458001,
    "RSI_21": 39.87909419339505
}