{
    "Symbol": "BXP",
    "Date": "2025-01-10",
    "Close": 67.78500366210938,
    "Williams_R_21": -98.27310789437365,
    "EMA_13_Williams_R": -84.86734497236907,
    "RSI_14": 27.686414450870128,
    "RSI_21": 32.286600836546306
}