{
    "Symbol": "C",
    "Date": "2025-01-10",
    "Close": 71.29499816894531,
    "Williams_R_21": -47.017291290636685,
    "EMA_13_Williams_R": -38.53581420908144,
    "RSI_14": 52.54639252131713,
    "RSI_21": 54.37120856772994
}