{
    "Symbol": "CAG",
    "Date": "2025-01-10",
    "Close": 26.280000686645508,
    "Williams_R_21": -92.79279743693505,
    "EMA_13_Williams_R": -64.84253456872632,
    "RSI_14": 32.33100284352278,
    "RSI_21": 36.172914730384484
}