{
    "Symbol": "CAH",
    "Date": "2025-01-10",
    "Close": 121.68000030517578,
    "Williams_R_21": -13.18762920812671,
    "EMA_13_Williams_R": -44.54635121142985,
    "RSI_14": 60.749176011528625,
    "RSI_21": 58.2166416033354
}