{
    "Symbol": "CARR",
    "Date": "2025-01-10",
    "Close": 66.37999725341797,
    "Williams_R_21": -98.24972036639356,
    "EMA_13_Williams_R": -80.95653125697861,
    "RSI_14": 31.56517786177202,
    "RSI_21": 35.13218072231292
}