{
    "Symbol": "CAT",
    "Date": "2025-01-10",
    "Close": 352.1700134277344,
    "Williams_R_21": -99.72357071016252,
    "EMA_13_Williams_R": -88.88017447205554,
    "RSI_14": 28.299300401700258,
    "RSI_21": 34.55119133948915
}