{
    "Symbol": "CB",
    "Date": "2025-01-10",
    "Close": 253.2100067138672,
    "Williams_R_21": -98.72632402498932,
    "EMA_13_Williams_R": -85.47823357172818,
    "RSI_14": 21.869438773638212,
    "RSI_21": 27.940899045290223
}