{
    "Symbol": "CBOE",
    "Date": "2025-01-10",
    "Close": 193.91000366210938,
    "Williams_R_21": -71.48235510618375,
    "EMA_13_Williams_R": -82.1556801802755,
    "RSI_14": 41.82392875414937,
    "RSI_21": 42.50553698965292
}