{
    "Symbol": "CBRE",
    "Date": "2025-01-10",
    "Close": 121.29000091552734,
    "Williams_R_21": -95.05385785114086,
    "EMA_13_Williams_R": -68.83493971884359,
    "RSI_14": 32.46749581482184,
    "RSI_21": 37.82176486941824
}