{
    "Symbol": "CCI",
    "Date": "2025-01-10",
    "Close": 85.08000183105469,
    "Williams_R_21": -99.16564324461504,
    "EMA_13_Williams_R": -93.90601260692713,
    "RSI_14": 17.213112422518368,
    "RSI_21": 21.893187067041843
}