{
    "Symbol": "CCL",
    "Date": "2025-01-10",
    "Close": 24.024999618530273,
    "Williams_R_21": -80.49097237350135,
    "EMA_13_Williams_R": -72.1351660745122,
    "RSI_14": 41.175988252644494,
    "RSI_21": 46.59049185576962
}