{
    "Symbol": "CDNS",
    "Date": "2025-01-10",
    "Close": 299.0400085449219,
    "Williams_R_21": -84.85553917016614,
    "EMA_13_Williams_R": -69.86897403774331,
    "RSI_14": 46.10737061908266,
    "RSI_21": 48.87135455449903
}