{
    "Symbol": "CDW",
    "Date": "2025-01-10",
    "Close": 182.52999877929688,
    "Williams_R_21": -8.083471680246051,
    "EMA_13_Williams_R": -44.925256880916926,
    "RSI_14": 56.658647203791354,
    "RSI_21": 50.46369590457241
}