{
    "Symbol": "CE",
    "Date": "2025-01-10",
    "Close": 64.8550033569336,
    "Williams_R_21": -90.27777265875224,
    "EMA_13_Williams_R": -88.51963156252268,
    "RSI_14": 28.087200416911895,
    "RSI_21": 27.797461876657458
}