{
    "Symbol": "CEG",
    "Date": "2025-01-10",
    "Close": 297.375,
    "Williams_R_21": -10.417755795042172,
    "EMA_13_Williams_R": -46.28556923111477,
    "RSI_14": 71.27004109196533,
    "RSI_21": 66.6508775030471
}