{
    "Symbol": "CF",
    "Date": "2025-01-10",
    "Close": 86.23999786376953,
    "Williams_R_21": -64.80223407167473,
    "EMA_13_Williams_R": -62.29355166823072,
    "RSI_14": 47.76140606125545,
    "RSI_21": 49.13121904080506
}