{
    "Symbol": "CFG",
    "Date": "2025-01-10",
    "Close": 43.18000030517578,
    "Williams_R_21": -82.61589832690076,
    "EMA_13_Williams_R": -69.62407864724247,
    "RSI_14": 39.33987238554733,
    "RSI_21": 43.46247429124121
}