{
    "Symbol": "CHD",
    "Date": "2025-01-10",
    "Close": 101.4800033569336,
    "Williams_R_21": -92.50298672005093,
    "EMA_13_Williams_R": -87.10435852872041,
    "RSI_14": 33.2828153057181,
    "RSI_21": 38.10377526307343
}