{
    "Symbol": "CHRW",
    "Date": "2025-01-10",
    "Close": 102.91000366210938,
    "Williams_R_21": -90.98548024982922,
    "EMA_13_Williams_R": -83.05778067569051,
    "RSI_14": 39.9305577058982,
    "RSI_21": 43.009693904394524
}