{
    "Symbol": "CHTR",
    "Date": "2025-01-10",
    "Close": 336.6600036621094,
    "Williams_R_21": -99.2586299550714,
    "EMA_13_Williams_R": -86.74608583762176,
    "RSI_14": 35.03190524770188,
    "RSI_21": 39.57228722484552
}