{
    "Symbol": "CI",
    "Date": "2025-01-10",
    "Close": 280.1300048828125,
    "Williams_R_21": -68.521728515625,
    "EMA_13_Williams_R": -75.2460847382814,
    "RSI_14": 40.042253712654336,
    "RSI_21": 39.132719984227045
}