{
    "Symbol": "CINF",
    "Date": "2025-01-10",
    "Close": 134.52999877929688,
    "Williams_R_21": -100.0,
    "EMA_13_Williams_R": -87.78922472416762,
    "RSI_14": 25.633969240981813,
    "RSI_21": 33.189488215295334
}