{
    "Symbol": "CL",
    "Date": "2025-01-10",
    "Close": 86.11000061035156,
    "Williams_R_21": -97.40109380441868,
    "EMA_13_Williams_R": -89.96751464057668,
    "RSI_14": 21.041884242743293,
    "RSI_21": 27.655570713834145
}