{
    "Symbol": "CLX",
    "Date": "2025-01-10",
    "Close": 158.2100067138672,
    "Williams_R_21": -88.64691567205708,
    "EMA_13_Williams_R": -79.01566321510252,
    "RSI_14": 37.65582543699488,
    "RSI_21": 40.94501990446089
}