{
    "Symbol": "CMCSA",
    "Date": "2025-01-10",
    "Close": 36.709999084472656,
    "Williams_R_21": -87.61012564171996,
    "EMA_13_Williams_R": -89.67089251682725,
    "RSI_14": 33.16422191353768,
    "RSI_21": 35.91776322938966
}