{
    "Symbol": "CME",
    "Date": "2025-01-10",
    "Close": 228.9600067138672,
    "Williams_R_21": -57.36730634618239,
    "EMA_13_Williams_R": -61.916804701606125,
    "RSI_14": 48.3560055173294,
    "RSI_21": 51.42267008291647
}