{
    "Symbol": "CMG",
    "Date": "2025-01-10",
    "Close": 57.130001068115234,
    "Williams_R_21": -97.66260540818827,
    "EMA_13_Williams_R": -84.40082831527418,
    "RSI_14": 30.023982604898546,
    "RSI_21": 37.76572849034977
}