{
    "Symbol": "CMI",
    "Date": "2025-01-10",
    "Close": 355.75,
    "Williams_R_21": -72.09169949410472,
    "EMA_13_Williams_R": -75.11028527115211,
    "RSI_14": 47.49704896240773,
    "RSI_21": 49.96070619874441
}