{
    "Symbol": "CMS",
    "Date": "2025-01-10",
    "Close": 65.12999725341797,
    "Williams_R_21": -98.95474736626642,
    "EMA_13_Williams_R": -78.61609241619782,
    "RSI_14": 36.02221761770131,
    "RSI_21": 39.072859739837476
}