{
    "Symbol": "CNC",
    "Date": "2025-01-10",
    "Close": 63.42499923706055,
    "Williams_R_21": -5.8856660216180385,
    "EMA_13_Williams_R": -17.67024383943719,
    "RSI_14": 65.26591214194367,
    "RSI_21": 57.48595499139157
}