{
    "Symbol": "CNP",
    "Date": "2025-01-10",
    "Close": 31.34000015258789,
    "Williams_R_21": -65.11630382711449,
    "EMA_13_Williams_R": -60.62938018738895,
    "RSI_14": 47.24652436259988,
    "RSI_21": 50.23041574393899
}