{
    "Symbol": "COF",
    "Date": "2025-01-10",
    "Close": 176.89999389648438,
    "Williams_R_21": -77.01337978179563,
    "EMA_13_Williams_R": -62.598658453128934,
    "RSI_14": 43.2338347565102,
    "RSI_21": 47.79710293927549
}