{
    "Symbol": "COO",
    "Date": "2025-01-10",
    "Close": 90.0,
    "Williams_R_21": -100.0,
    "EMA_13_Williams_R": -89.52552383523958,
    "RSI_14": 31.828944673035974,
    "RSI_21": 33.761831489382466
}