{
    "Symbol": "COP",
    "Date": "2025-01-10",
    "Close": 101.52999877929688,
    "Williams_R_21": -28.431396015061328,
    "EMA_13_Williams_R": -55.895130743026456,
    "RSI_14": 52.0959821357289,
    "RSI_21": 48.087922683575215
}