{
    "Symbol": "COR",
    "Date": "2025-01-10",
    "Close": 238.44000244140625,
    "Williams_R_21": -13.93000311145522,
    "EMA_13_Williams_R": -65.54341097248816,
    "RSI_14": 61.97040448593996,
    "RSI_21": 56.34095756085193
}