{
    "Symbol": "COST",
    "Date": "2025-01-10",
    "Close": 927.5526733398438,
    "Williams_R_21": -75.95042509191177,
    "EMA_13_Williams_R": -74.28688476345981,
    "RSI_14": 41.72646857244135,
    "RSI_21": 45.368639271775045
}