{
    "Symbol": "CPAY",
    "Date": "2025-01-10",
    "Close": 348.5350036621094,
    "Williams_R_21": -57.25781314890018,
    "EMA_13_Williams_R": -70.89709456855046,
    "RSI_14": 48.40999520079914,
    "RSI_21": 48.843459944533194
}