{
    "Symbol": "CPB",
    "Date": "2025-01-10",
    "Close": 37.93000030517578,
    "Williams_R_21": -98.39332814343867,
    "EMA_13_Williams_R": -89.07718203127084,
    "RSI_14": 22.88481158188637,
    "RSI_21": 27.186942486312027
}