{
    "Symbol": "CPRT",
    "Date": "2025-01-10",
    "Close": 55.72999954223633,
    "Williams_R_21": -98.6111324510434,
    "EMA_13_Williams_R": -84.23902944505728,
    "RSI_14": 34.67740282140293,
    "RSI_21": 40.852269220814605
}