{
    "Symbol": "CPT",
    "Date": "2025-01-10",
    "Close": 109.84030151367188,
    "Williams_R_21": -93.44538457992867,
    "EMA_13_Williams_R": -80.95560865263383,
    "RSI_14": 34.024410344304506,
    "RSI_21": 37.25545560319452
}