{
    "Symbol": "CRL",
    "Date": "2025-01-10",
    "Close": 186.90499877929688,
    "Williams_R_21": -70.25769125178364,
    "EMA_13_Williams_R": -71.4760329091166,
    "RSI_14": 46.421186027788266,
    "RSI_21": 46.66273246612649
}