{
    "Symbol": "CRM",
    "Date": "2025-01-10",
    "Close": 318.2850036621094,
    "Williams_R_21": -95.31675697443148,
    "EMA_13_Williams_R": -77.05408560133553,
    "RSI_14": 35.930322723037136,
    "RSI_21": 43.10215139964837
}