{
    "Symbol": "CRWD",
    "Date": "2025-01-10",
    "Close": 346.70001220703125,
    "Williams_R_21": -85.83601631650099,
    "EMA_13_Williams_R": -62.5005919951906,
    "RSI_14": 45.80106085017064,
    "RSI_21": 48.9194492589307
}