{
    "Symbol": "CSCO",
    "Date": "2025-01-10",
    "Close": 58.60499954223633,
    "Williams_R_21": -37.83689789984926,
    "EMA_13_Williams_R": -31.736369184014954,
    "RSI_14": 51.50607547628133,
    "RSI_21": 54.6925843251689
}