{
    "Symbol": "CSGP",
    "Date": "2025-01-10",
    "Close": 69.71499633789062,
    "Williams_R_21": -97.50832220889167,
    "EMA_13_Williams_R": -81.99764013720527,
    "RSI_14": 37.889134582090826,
    "RSI_21": 40.670611509664994
}