{
    "Symbol": "CSX",
    "Date": "2025-01-10",
    "Close": 31.864999771118164,
    "Williams_R_21": -85.64357619829383,
    "EMA_13_Williams_R": -82.46734867977358,
    "RSI_14": 35.42163830718097,
    "RSI_21": 38.6862967785516
}