{
    "Symbol": "CTAS",
    "Date": "2025-01-10",
    "Close": 190.889892578125,
    "Williams_R_21": -69.4657396180556,
    "EMA_13_Williams_R": -82.32412825057182,
    "RSI_14": 41.86178183266399,
    "RSI_21": 40.98890386178918
}