{
    "Symbol": "CTRA",
    "Date": "2025-01-10",
    "Close": 27.760000228881836,
    "Williams_R_21": -12.664641694761574,
    "EMA_13_Williams_R": -32.45925108385151,
    "RSI_14": 73.70959873289353,
    "RSI_21": 67.37363341975401
}