{
    "Symbol": "CTSH",
    "Date": "2025-01-10",
    "Close": 75.68499755859375,
    "Williams_R_21": -88.21616219615292,
    "EMA_13_Williams_R": -78.02561651485361,
    "RSI_14": 35.90503021860879,
    "RSI_21": 41.06522251983667
}