{
    "Symbol": "CTVA",
    "Date": "2025-01-10",
    "Close": 56.53499984741211,
    "Williams_R_21": -82.26141916244438,
    "EMA_13_Williams_R": -80.28747691462644,
    "RSI_14": 41.469228192505454,
    "RSI_21": 43.587609820202175
}