{
    "Symbol": "CVS",
    "Date": "2025-01-10",
    "Close": 47.75,
    "Williams_R_21": -66.31833529536769,
    "EMA_13_Williams_R": -84.70996609533954,
    "RSI_14": 47.711128755262486,
    "RSI_21": 43.94934441144999
}