{
    "Symbol": "CVX",
    "Date": "2025-01-10",
    "Close": 151.72999572753906,
    "Williams_R_21": -41.06488162172684,
    "EMA_13_Williams_R": -66.25345174594139,
    "RSI_14": 56.07037500430019,
    "RSI_21": 52.39671367623557
}