{
    "Symbol": "CZR",
    "Date": "2025-01-10",
    "Close": 31.045000076293945,
    "Williams_R_21": -96.92206239620356,
    "EMA_13_Williams_R": -88.31984647177188,
    "RSI_14": 27.874116447127804,
    "RSI_21": 31.61758133495371
}