{
    "Symbol": "D",
    "Date": "2025-01-10",
    "Close": 53.5099983215332,
    "Williams_R_21": -63.97308905580501,
    "EMA_13_Williams_R": -69.20002391812798,
    "RSI_14": 41.47255601876124,
    "RSI_21": 42.39006871244459
}