{
    "Symbol": "DAL",
    "Date": "2025-01-10",
    "Close": 67.55000305175781,
    "Williams_R_21": -11.745473157875905,
    "EMA_13_Williams_R": -58.44237038659014,
    "RSI_14": 69.20459960419187,
    "RSI_21": 65.00777958123281
}