{
    "Symbol": "DAY",
    "Date": "2025-01-10",
    "Close": 69.9749984741211,
    "Williams_R_21": -89.01048007102376,
    "EMA_13_Williams_R": -81.90336840111448,
    "RSI_14": 34.57350525935708,
    "RSI_21": 40.673754175400454
}