{
    "Symbol": "DD",
    "Date": "2025-01-10",
    "Close": 72.87999725341797,
    "Williams_R_21": -99.81276551970963,
    "EMA_13_Williams_R": -93.24112393946193,
    "RSI_14": 22.03278706813313,
    "RSI_21": 27.907689999262253
}