{
    "Symbol": "DE",
    "Date": "2025-01-10",
    "Close": 403.9800109863281,
    "Williams_R_21": -99.6381986416167,
    "EMA_13_Williams_R": -85.10254188459267,
    "RSI_14": 32.18063869377592,
    "RSI_21": 39.328034259774505
}