{
    "Symbol": "DECK",
    "Date": "2025-01-10",
    "Close": 209.10000610351562,
    "Williams_R_21": -36.10569199272379,
    "EMA_13_Williams_R": -35.4270650003262,
    "RSI_14": 59.97851295982033,
    "RSI_21": 61.24476678087144
}