{
    "Symbol": "DELL",
    "Date": "2025-01-10",
    "Close": 115.76000213623047,
    "Williams_R_21": -64.16663773039184,
    "EMA_13_Williams_R": -58.449859997489526,
    "RSI_14": 42.65350012411675,
    "RSI_21": 43.94748021866159
}