{
    "Symbol": "DFS",
    "Date": "2025-01-10",
    "Close": 172.1199951171875,
    "Williams_R_21": -65.81563691417304,
    "EMA_13_Williams_R": -47.75037426131928,
    "RSI_14": 46.1499619700281,
    "RSI_21": 50.31239099035901
}