{
    "Symbol": "DG",
    "Date": "2025-01-10",
    "Close": 71.32499694824219,
    "Williams_R_21": -90.35667248151718,
    "EMA_13_Williams_R": -78.9069185086877,
    "RSI_14": 35.45770838618572,
    "RSI_21": 38.172011900416116
}