{
    "Symbol": "DGX",
    "Date": "2025-01-10",
    "Close": 152.47999572753906,
    "Williams_R_21": -68.80154905431742,
    "EMA_13_Williams_R": -72.28524847075123,
    "RSI_14": 43.66494274099588,
    "RSI_21": 44.94383169855061
}