{
    "Symbol": "DHI",
    "Date": "2025-01-10",
    "Close": 138.6199951171875,
    "Williams_R_21": -84.6610416060518,
    "EMA_13_Williams_R": -86.14670394770509,
    "RSI_14": 33.1805800152356,
    "RSI_21": 33.73897718279035
}