{
    "Symbol": "DHR",
    "Date": "2025-01-10",
    "Close": 236.39999389648438,
    "Williams_R_21": -37.51426195448379,
    "EMA_13_Williams_R": -47.307268159202245,
    "RSI_14": 53.568605852786476,
    "RSI_21": 49.280138549620986
}