{
    "Symbol": "DIS",
    "Date": "2025-01-10",
    "Close": 108.29499816894531,
    "Williams_R_21": -92.05887738396139,
    "EMA_13_Williams_R": -78.67686624912885,
    "RSI_14": 37.164685947682955,
    "RSI_21": 45.831558697390335
}