{
    "Symbol": "DLR",
    "Date": "2025-01-10",
    "Close": 175.01499938964844,
    "Williams_R_21": -93.87966186571333,
    "EMA_13_Williams_R": -76.10617638895395,
    "RSI_14": 39.33036909302039,
    "RSI_21": 43.87445221196655
}