{
    "Symbol": "DLTR",
    "Date": "2025-01-10",
    "Close": 72.92500305175781,
    "Williams_R_21": -53.47353899351726,
    "EMA_13_Williams_R": -35.968850081312056,
    "RSI_14": 50.91063312773553,
    "RSI_21": 51.76808764955596
}