{
    "Symbol": "DOC",
    "Date": "2025-01-10",
    "Close": 19.774999618530273,
    "Williams_R_21": -96.47892558024165,
    "EMA_13_Williams_R": -82.64985608881496,
    "RSI_14": 38.783501563777776,
    "RSI_21": 40.125601113323874
}