{
    "Symbol": "DOV",
    "Date": "2025-01-10",
    "Close": 184.30499267578125,
    "Williams_R_21": -99.81662264170559,
    "EMA_13_Williams_R": -85.343260585851,
    "RSI_14": 29.871344498889936,
    "RSI_21": 35.465014986892854
}