{
    "Symbol": "DOW",
    "Date": "2025-01-10",
    "Close": 38.558998107910156,
    "Williams_R_21": -94.59276386961021,
    "EMA_13_Williams_R": -87.87194924969029,
    "RSI_14": 30.429875803948242,
    "RSI_21": 31.32988942131706
}