{
    "Symbol": "DPZ",
    "Date": "2025-01-10",
    "Close": 405.5,
    "Williams_R_21": -96.8523299975761,
    "EMA_13_Williams_R": -83.55912249522954,
    "RSI_14": 33.44505802942587,
    "RSI_21": 37.76244163452841
}