{
    "Symbol": "DRI",
    "Date": "2025-01-10",
    "Close": 179.82000732421875,
    "Williams_R_21": -31.718017939292658,
    "EMA_13_Williams_R": -19.929976513888572,
    "RSI_14": 51.61660817280781,
    "RSI_21": 54.343721951282006
}