{
    "Symbol": "DTE",
    "Date": "2025-01-10",
    "Close": 118.75499725341797,
    "Williams_R_21": -67.21189520393781,
    "EMA_13_Williams_R": -50.62011779045515,
    "RSI_14": 41.82341422448435,
    "RSI_21": 43.98114987469178
}