{
    "Symbol": "DUK",
    "Date": "2025-01-10",
    "Close": 105.94999694824219,
    "Williams_R_21": -94.92869363351127,
    "EMA_13_Williams_R": -81.43301085232251,
    "RSI_14": 36.60086298542217,
    "RSI_21": 38.86935827046208
}