{
    "Symbol": "DVA",
    "Date": "2025-01-10",
    "Close": 154.0,
    "Williams_R_21": -38.04196699620665,
    "EMA_13_Williams_R": -61.185784656720266,
    "RSI_14": 50.40342908170018,
    "RSI_21": 49.21224619800023
}