{
    "Symbol": "DVN",
    "Date": "2025-01-10",
    "Close": 35.849998474121094,
    "Williams_R_21": -15.870605972438964,
    "EMA_13_Williams_R": -51.89392434646748,
    "RSI_14": 62.68328749833778,
    "RSI_21": 54.3346151664013
}