{
    "Symbol": "DXCM",
    "Date": "2025-01-10",
    "Close": 77.68000030517578,
    "Williams_R_21": -61.02942551432942,
    "EMA_13_Williams_R": -39.733638768752215,
    "RSI_14": 48.14567373620964,
    "RSI_21": 50.29215312916791
}