{
    "Symbol": "EA",
    "Date": "2025-01-10",
    "Close": 140.75,
    "Williams_R_21": -100.0,
    "EMA_13_Williams_R": -91.28732823493682,
    "RSI_14": 20.721110413350125,
    "RSI_21": 29.059472961471755
}