{
    "Symbol": "EBAY",
    "Date": "2025-01-10",
    "Close": 66.44000244140625,
    "Williams_R_21": -47.12427249124265,
    "EMA_13_Williams_R": -53.400886709805526,
    "RSI_14": 59.20405858549821,
    "RSI_21": 57.720829035784185
}