{
    "Symbol": "ECL",
    "Date": "2025-01-10",
    "Close": 231.6199951171875,
    "Williams_R_21": -91.1885474004395,
    "EMA_13_Williams_R": -83.97344884268605,
    "RSI_14": 35.490284596298274,
    "RSI_21": 37.467396621302576
}