{
    "Symbol": "ED",
    "Date": "2025-01-10",
    "Close": 87.87999725341797,
    "Williams_R_21": -95.18071550840152,
    "EMA_13_Williams_R": -91.25176328782129,
    "RSI_14": 28.798023943000885,
    "RSI_21": 31.11833118270973
}