{
    "Symbol": "EFX",
    "Date": "2025-01-10",
    "Close": 244.2550048828125,
    "Williams_R_21": -93.96143323665385,
    "EMA_13_Williams_R": -81.80041672149228,
    "RSI_14": 35.66023886192676,
    "RSI_21": 38.52063488242693
}