{
    "Symbol": "EG",
    "Date": "2025-01-10",
    "Close": 355.5400085449219,
    "Williams_R_21": -64.94801482864986,
    "EMA_13_Williams_R": -54.769561303769066,
    "RSI_14": 41.023737219455484,
    "RSI_21": 42.56676579568038
}