{
    "Symbol": "EIX",
    "Date": "2025-01-10",
    "Close": 65.40499877929688,
    "Williams_R_21": -99.7622972263043,
    "EMA_13_Williams_R": -83.20955575410147,
    "RSI_14": 12.304117307362805,
    "RSI_21": 18.515264498856297
}