{
    "Symbol": "EL",
    "Date": "2025-01-10",
    "Close": 72.50499725341797,
    "Williams_R_21": -88.05008676052778,
    "EMA_13_Williams_R": -73.21932058272782,
    "RSI_14": 41.2495090272549,
    "RSI_21": 43.146423694288636
}