{
    "Symbol": "ELV",
    "Date": "2025-01-10",
    "Close": 387.80999755859375,
    "Williams_R_21": -28.948079459204443,
    "EMA_13_Williams_R": -64.97711942333258,
    "RSI_14": 55.154429778501644,
    "RSI_21": 47.368013190979696
}