{
    "Symbol": "EMN",
    "Date": "2025-01-10",
    "Close": 87.23999786376953,
    "Williams_R_21": -95.88943331324583,
    "EMA_13_Williams_R": -90.83751308593375,
    "RSI_14": 22.592842049243643,
    "RSI_21": 27.635411830644653
}