{
    "Symbol": "EMR",
    "Date": "2025-01-10",
    "Close": 117.96499633789062,
    "Williams_R_21": -97.87313281959935,
    "EMA_13_Williams_R": -82.04373718943793,
    "RSI_14": 30.668331983324236,
    "RSI_21": 38.42125818790289
}