{
    "Symbol": "ENPH",
    "Date": "2025-01-10",
    "Close": 67.30500030517578,
    "Williams_R_21": -81.31354863737756,
    "EMA_13_Williams_R": -54.17851518487328,
    "RSI_14": 41.958800875720065,
    "RSI_21": 42.76388501208644
}