{
    "Symbol": "EOG",
    "Date": "2025-01-10",
    "Close": 130.46969604492188,
    "Williams_R_21": -25.218128997123898,
    "EMA_13_Williams_R": -48.48791042315998,
    "RSI_14": 64.76138516059905,
    "RSI_21": 58.48053583489951
}