{
    "Symbol": "EPAM",
    "Date": "2025-01-10",
    "Close": 227.0500030517578,
    "Williams_R_21": -91.53421708704504,
    "EMA_13_Williams_R": -81.08392015809818,
    "RSI_14": 37.92122185591553,
    "RSI_21": 44.723310808554814
}