{
    "Symbol": "EQIX",
    "Date": "2025-01-10",
    "Close": 920.6300048828125,
    "Williams_R_21": -86.60267845320892,
    "EMA_13_Williams_R": -63.93687517781356,
    "RSI_14": 41.806332230050366,
    "RSI_21": 45.85666484919161
}