{
    "Symbol": "EQR",
    "Date": "2025-01-10",
    "Close": 67.62999725341797,
    "Williams_R_21": -86.3253168437127,
    "EMA_13_Williams_R": -80.93235713510782,
    "RSI_14": 34.38009987068564,
    "RSI_21": 37.85603636863639
}