{
    "Symbol": "EQT",
    "Date": "2025-01-10",
    "Close": 49.529998779296875,
    "Williams_R_21": -6.322602302797379,
    "EMA_13_Williams_R": -23.47386625106463,
    "RSI_14": 71.86268554655798,
    "RSI_21": 68.35212348183492
}