{
    "Symbol": "ERIE",
    "Date": "2025-01-10",
    "Close": 385.3464050292969,
    "Williams_R_21": -96.80901350394527,
    "EMA_13_Williams_R": -59.37578996774629,
    "RSI_14": 31.205654839599127,
    "RSI_21": 34.9994018655014
}