{
    "Symbol": "ES",
    "Date": "2025-01-10",
    "Close": 56.520999908447266,
    "Williams_R_21": -75.11073735231658,
    "EMA_13_Williams_R": -82.04343081208685,
    "RSI_14": 36.39323811558393,
    "RSI_21": 37.477248160384
}