{
    "Symbol": "ESS",
    "Date": "2025-01-10",
    "Close": 276.5199890136719,
    "Williams_R_21": -76.04970567449757,
    "EMA_13_Williams_R": -82.82014384846529,
    "RSI_14": 40.912994642614834,
    "RSI_21": 41.89970687974399
}