{
    "Symbol": "ETN",
    "Date": "2025-01-10",
    "Close": 340.9750061035156,
    "Williams_R_21": -64.13507575220633,
    "EMA_13_Williams_R": -72.84449435090758,
    "RSI_14": 44.42994932964305,
    "RSI_21": 45.67030633286011
}