{
    "Symbol": "ETR",
    "Date": "2025-01-10",
    "Close": 75.58999633789062,
    "Williams_R_21": -39.15228149216418,
    "EMA_13_Williams_R": -42.8220369708254,
    "RSI_14": 51.98666742851298,
    "RSI_21": 54.440857041236924
}