{
    "Symbol": "EVRG",
    "Date": "2025-01-10",
    "Close": 60.07500076293945,
    "Williams_R_21": -89.73934588578535,
    "EMA_13_Williams_R": -77.32636643314872,
    "RSI_14": 35.1928589393104,
    "RSI_21": 40.135681300365015
}