{
    "Symbol": "EW",
    "Date": "2025-01-10",
    "Close": 73.19999694824219,
    "Williams_R_21": -58.60740832562278,
    "EMA_13_Williams_R": -35.29096506149382,
    "RSI_14": 50.13274164523486,
    "RSI_21": 52.12222618643341
}