{
    "Symbol": "EXC",
    "Date": "2025-01-10",
    "Close": 37.691001892089844,
    "Williams_R_21": -31.06288841563965,
    "EMA_13_Williams_R": -40.47135707985192,
    "RSI_14": 49.689814107067605,
    "RSI_21": 48.49549689075832
}