{
    "Symbol": "EXPD",
    "Date": "2025-01-10",
    "Close": 109.70500183105469,
    "Williams_R_21": -97.95841498918178,
    "EMA_13_Williams_R": -85.93643784352099,
    "RSI_14": 32.72029731581204,
    "RSI_21": 34.68726851453788
}