{
    "Symbol": "EXPE",
    "Date": "2025-01-10",
    "Close": 180.4600067138672,
    "Williams_R_21": -72.29214230257746,
    "EMA_13_Williams_R": -48.62380529361796,
    "RSI_14": 43.8434955069805,
    "RSI_21": 49.73998022927915
}