{
    "Symbol": "EXR",
    "Date": "2025-01-10",
    "Close": 146.48500061035156,
    "Williams_R_21": -78.8043303152808,
    "EMA_13_Williams_R": -75.6447428691046,
    "RSI_14": 36.629504631098655,
    "RSI_21": 37.793404492111
}