{
    "Symbol": "F",
    "Date": "2025-01-10",
    "Close": 9.664999961853027,
    "Williams_R_21": -88.84295664249903,
    "EMA_13_Williams_R": -82.6725361517033,
    "RSI_14": 35.844245415437015,
    "RSI_21": 38.40443926522871
}