{
    "Symbol": "FANG",
    "Date": "2025-01-10",
    "Close": 172.9199981689453,
    "Williams_R_21": -17.18130356962715,
    "EMA_13_Williams_R": -43.68194619821853,
    "RSI_14": 59.97938354708793,
    "RSI_21": 54.104498891238016
}