{
    "Symbol": "FAST",
    "Date": "2025-01-10",
    "Close": 72.2750015258789,
    "Williams_R_21": -83.9193319584115,
    "EMA_13_Williams_R": -87.49408212491547,
    "RSI_14": 32.38964632070041,
    "RSI_21": 35.82881865878855
}