{
    "Symbol": "FCX",
    "Date": "2025-01-10",
    "Close": 39.15999984741211,
    "Williams_R_21": -69.83153999793201,
    "EMA_13_Williams_R": -81.53449376886175,
    "RSI_14": 42.331792241082596,
    "RSI_21": 40.82348231512891
}