{
    "Symbol": "FDS",
    "Date": "2025-01-10",
    "Close": 448.2099914550781,
    "Williams_R_21": -99.06410679104677,
    "EMA_13_Williams_R": -64.63194943010363,
    "RSI_14": 27.58124441861472,
    "RSI_21": 35.10270466749424
}