{
    "Symbol": "FDX",
    "Date": "2025-01-10",
    "Close": 272.0849914550781,
    "Williams_R_21": -76.79934814844806,
    "EMA_13_Williams_R": -70.51711082071421,
    "RSI_14": 40.18055231929317,
    "RSI_21": 43.151160208795574
}