{
    "Symbol": "FE",
    "Date": "2025-01-10",
    "Close": 38.75,
    "Williams_R_21": -100.0,
    "EMA_13_Williams_R": -78.0140730505835,
    "RSI_14": 32.80787108144395,
    "RSI_21": 35.19660291278438
}