{
    "Symbol": "FFIV",
    "Date": "2025-01-10",
    "Close": 255.52000427246094,
    "Williams_R_21": -54.49027946368305,
    "EMA_13_Williams_R": -47.607301716143915,
    "RSI_14": 53.194425533477045,
    "RSI_21": 56.08892197106255
}