{
    "Symbol": "FI",
    "Date": "2025-01-10",
    "Close": 200.97999572753906,
    "Williams_R_21": -95.35830480968065,
    "EMA_13_Williams_R": -68.17339100100651,
    "RSI_14": 40.01973369675883,
    "RSI_21": 44.441632782031206
}