{
    "Symbol": "FICO",
    "Date": "2025-01-10",
    "Close": 1917.885009765625,
    "Williams_R_21": -97.1134439552997,
    "EMA_13_Williams_R": -91.29572009762755,
    "RSI_14": 28.527671451975195,
    "RSI_21": 34.328784678231564
}