{
    "Symbol": "FIS",
    "Date": "2025-01-10",
    "Close": 77.16500091552734,
    "Williams_R_21": -97.9143443017767,
    "EMA_13_Williams_R": -86.60196722855284,
    "RSI_14": 25.5453820748554,
    "RSI_21": 30.701704901691457
}