{
    "Symbol": "FITB",
    "Date": "2025-01-10",
    "Close": 41.17499923706055,
    "Williams_R_21": -98.45538489961152,
    "EMA_13_Williams_R": -84.70148150845004,
    "RSI_14": 28.859462160324302,
    "RSI_21": 34.579362405755724
}