{
    "Symbol": "FMC",
    "Date": "2025-01-10",
    "Close": 49.04999923706055,
    "Williams_R_21": -81.23862057365203,
    "EMA_13_Williams_R": -81.77808005755271,
    "RSI_14": 39.24921068539906,
    "RSI_21": 38.91505715669142
}