{
    "Symbol": "FOX",
    "Date": "2025-01-10",
    "Close": 45.529998779296875,
    "Williams_R_21": -54.176639660300644,
    "EMA_13_Williams_R": -30.39060425040167,
    "RSI_14": 50.081078386544156,
    "RSI_21": 54.850433352859575
}