{
    "Symbol": "FOXA",
    "Date": "2025-01-10",
    "Close": 47.75,
    "Williams_R_21": -61.01695600168105,
    "EMA_13_Williams_R": -32.66886442844234,
    "RSI_14": 46.95624203486867,
    "RSI_21": 52.1998845521159
}