{
    "Symbol": "FRT",
    "Date": "2025-01-10",
    "Close": 102.70379638671875,
    "Williams_R_21": -97.27129361175807,
    "EMA_13_Williams_R": -83.52882845072803,
    "RSI_14": 26.5094063257225,
    "RSI_21": 31.911798262190498
}