{
    "Symbol": "FSLR",
    "Date": "2025-01-10",
    "Close": 188.02000427246094,
    "Williams_R_21": -55.42716955256813,
    "EMA_13_Williams_R": -58.60290979087537,
    "RSI_14": 48.40956393446096,
    "RSI_21": 47.49690359855588
}