{
    "Symbol": "FTNT",
    "Date": "2025-01-10",
    "Close": 94.24500274658203,
    "Williams_R_21": -82.68052346809755,
    "EMA_13_Williams_R": -56.30587422011036,
    "RSI_14": 46.433027755465545,
    "RSI_21": 50.836323713620565
}