{
    "Symbol": "FTV",
    "Date": "2025-01-10",
    "Close": 75.31999969482422,
    "Williams_R_21": -57.954577825447764,
    "EMA_13_Williams_R": -55.55745638082129,
    "RSI_14": 45.91744584469972,
    "RSI_21": 47.306281746731784
}