{
    "Symbol": "GD",
    "Date": "2025-01-10",
    "Close": 259.1199951171875,
    "Williams_R_21": -87.45794311748764,
    "EMA_13_Williams_R": -81.05239394942618,
    "RSI_14": 35.62400828143199,
    "RSI_21": 36.02716334120015
}