{
    "Symbol": "GDDY",
    "Date": "2025-01-10",
    "Close": 192.8000030517578,
    "Williams_R_21": -97.29006606193673,
    "EMA_13_Williams_R": -66.08622881245603,
    "RSI_14": 40.61635059583658,
    "RSI_21": 47.479133291603674
}