{
    "Symbol": "GE",
    "Date": "2025-01-10",
    "Close": 171.88870239257812,
    "Williams_R_21": -12.613837312310029,
    "EMA_13_Williams_R": -44.37466291874287,
    "RSI_14": 50.82664426425596,
    "RSI_21": 48.93279500359582
}