{
    "Symbol": "GEHC",
    "Date": "2025-01-10",
    "Close": 84.94000244140625,
    "Williams_R_21": -22.67268378814787,
    "EMA_13_Williams_R": -45.27305740248838,
    "RSI_14": 62.483764643024806,
    "RSI_21": 57.085468737071174
}