{
    "Symbol": "GEN",
    "Date": "2025-01-10",
    "Close": 26.760000228881836,
    "Williams_R_21": -98.03921242710314,
    "EMA_13_Williams_R": -88.57430186679505,
    "RSI_14": 28.51540497139407,
    "RSI_21": 35.17933394115725
}