{
    "Symbol": "GEV",
    "Date": "2025-01-10",
    "Close": 356.3800048828125,
    "Williams_R_21": -31.945266998395624,
    "EMA_13_Williams_R": -30.19410606269901,
    "RSI_14": 57.03084394611558,
    "RSI_21": 57.53717104080754
}