{
    "Symbol": "GILD",
    "Date": "2025-01-10",
    "Close": 89.41999816894531,
    "Williams_R_21": -92.43246958553853,
    "EMA_13_Williams_R": -56.74757890960128,
    "RSI_14": 40.82819029013063,
    "RSI_21": 46.171814751788574
}