{
    "Symbol": "GIS",
    "Date": "2025-01-10",
    "Close": 59.11000061035156,
    "Williams_R_21": -99.81447877121911,
    "EMA_13_Williams_R": -82.36041953026695,
    "RSI_14": 23.338117826250134,
    "RSI_21": 28.31875783809607
}