{
    "Symbol": "GL",
    "Date": "2025-01-10",
    "Close": 112.08699798583984,
    "Williams_R_21": -17.058816010822095,
    "EMA_13_Williams_R": -19.589634146005864,
    "RSI_14": 58.89234578295435,
    "RSI_21": 57.484248207844026
}