{
    "Symbol": "GLW",
    "Date": "2025-01-10",
    "Close": 47.029998779296875,
    "Williams_R_21": -75.55556811422613,
    "EMA_13_Williams_R": -63.74660224807487,
    "RSI_14": 44.755722847830675,
    "RSI_21": 47.352633995984746
}