{
    "Symbol": "GM",
    "Date": "2025-01-10",
    "Close": 50.18000030517578,
    "Williams_R_21": -95.51018056747108,
    "EMA_13_Williams_R": -66.99028918769666,
    "RSI_14": 39.66752670049443,
    "RSI_21": 43.12268659629767
}