{
    "Symbol": "GNRC",
    "Date": "2025-01-10",
    "Close": 155.60499572753906,
    "Williams_R_21": -83.90276810985351,
    "EMA_13_Williams_R": -82.53020017830126,
    "RSI_14": 34.07911527099024,
    "RSI_21": 37.67995757332932
}