{
    "Symbol": "GOOGL",
    "Date": "2025-01-10",
    "Close": 192.55999755859375,
    "Williams_R_21": -43.49534970126625,
    "EMA_13_Williams_R": -28.50170763512263,
    "RSI_14": 56.53793252838128,
    "RSI_21": 57.596876098961125
}