{
    "Symbol": "GOOG",
    "Date": "2025-01-10",
    "Close": 193.82000732421875,
    "Williams_R_21": -44.82926545678578,
    "EMA_13_Williams_R": -29.175891099827876,
    "RSI_14": 56.31365315800074,
    "RSI_21": 57.42291323400354
}