{
    "Symbol": "GPC",
    "Date": "2025-01-10",
    "Close": 116.0,
    "Williams_R_21": -80.70446313821708,
    "EMA_13_Williams_R": -77.53202086596804,
    "RSI_14": 39.71592849525725,
    "RSI_21": 41.12367571506163
}