{
    "Symbol": "GPN",
    "Date": "2025-01-10",
    "Close": 105.88999938964844,
    "Williams_R_21": -98.54805909035298,
    "EMA_13_Williams_R": -73.92518990238868,
    "RSI_14": 31.39724949359349,
    "RSI_21": 38.359863426927035
}