{
    "Symbol": "GRMN",
    "Date": "2025-01-10",
    "Close": 207.42999267578125,
    "Williams_R_21": -78.14322536443083,
    "EMA_13_Williams_R": -69.78710449187895,
    "RSI_14": 47.702766889571514,
    "RSI_21": 51.58503316353982
}