{
    "Symbol": "GS",
    "Date": "2025-01-10",
    "Close": 558.75,
    "Williams_R_21": -72.48696688464088,
    "EMA_13_Williams_R": -51.944466034527736,
    "RSI_14": 39.04027881151259,
    "RSI_21": 44.61491539419926
}