{
    "Symbol": "GWW",
    "Date": "2025-01-10",
    "Close": 1061.699951171875,
    "Williams_R_21": -81.79138797725321,
    "EMA_13_Williams_R": -86.59327708707393,
    "RSI_14": 34.826040255330085,
    "RSI_21": 38.339053494764116
}