{
    "Symbol": "HAL",
    "Date": "2025-01-10",
    "Close": 27.069900512695312,
    "Williams_R_21": -61.29280352277293,
    "EMA_13_Williams_R": -68.29583516456091,
    "RSI_14": 40.13241535688127,
    "RSI_21": 41.215183554617504
}