{
    "Symbol": "HAS",
    "Date": "2025-01-10",
    "Close": 56.880001068115234,
    "Williams_R_21": -87.35632309905462,
    "EMA_13_Williams_R": -87.47668402885647,
    "RSI_14": 34.83490157259727,
    "RSI_21": 35.81424255503385
}