{
    "Symbol": "HBAN",
    "Date": "2025-01-10",
    "Close": 15.944999694824219,
    "Williams_R_21": -92.48216351755559,
    "EMA_13_Williams_R": -74.2223124053725,
    "RSI_14": 35.892794939595575,
    "RSI_21": 41.5862677361962
}