{
    "Symbol": "HCA",
    "Date": "2025-01-10",
    "Close": 311.114990234375,
    "Williams_R_21": -27.429878125255506,
    "EMA_13_Williams_R": -68.10886962942514,
    "RSI_14": 49.384500597185074,
    "RSI_21": 42.98219457518604
}