{
    "Symbol": "HD",
    "Date": "2025-01-10",
    "Close": 391.0398864746094,
    "Williams_R_21": -77.16099840276455,
    "EMA_13_Williams_R": -82.18452713919548,
    "RSI_14": 41.77855033568566,
    "RSI_21": 43.616611481485926
}