{
    "Symbol": "HES",
    "Date": "2025-01-10",
    "Close": 140.69000244140625,
    "Williams_R_21": -21.66236494455845,
    "EMA_13_Williams_R": -55.39115771522643,
    "RSI_14": 61.24548847625818,
    "RSI_21": 56.0535438696288
}