{
    "Symbol": "HIG",
    "Date": "2025-01-10",
    "Close": 105.5999984741211,
    "Williams_R_21": -97.79088337697982,
    "EMA_13_Williams_R": -82.12970214721219,
    "RSI_14": 30.455526027188306,
    "RSI_21": 34.97559852498269
}