{
    "Symbol": "HII",
    "Date": "2025-01-10",
    "Close": 187.9199981689453,
    "Williams_R_21": -91.59537705421594,
    "EMA_13_Williams_R": -85.83856087999158,
    "RSI_14": 41.51090913762944,
    "RSI_21": 40.00113081123132
}