{
    "Symbol": "HLT",
    "Date": "2025-01-10",
    "Close": 243.1199951171875,
    "Williams_R_21": -83.61189872772155,
    "EMA_13_Williams_R": -72.84546313856355,
    "RSI_14": 42.108393885726805,
    "RSI_21": 45.827658005182826
}