{
    "Symbol": "HOLX",
    "Date": "2025-01-10",
    "Close": 71.30000305175781,
    "Williams_R_21": -90.55273638478538,
    "EMA_13_Williams_R": -80.50379363774525,
    "RSI_14": 35.61996464773451,
    "RSI_21": 36.91542726138984
}