{
    "Symbol": "HON",
    "Date": "2025-01-10",
    "Close": 217.0679931640625,
    "Williams_R_21": -96.42308475520136,
    "EMA_13_Williams_R": -81.12439133064053,
    "RSI_14": 35.04018737198858,
    "RSI_21": 41.41850185775546
}