{
    "Symbol": "HPE",
    "Date": "2025-01-10",
    "Close": 21.604999542236328,
    "Williams_R_21": -55.15782089065833,
    "EMA_13_Williams_R": -58.23193932968676,
    "RSI_14": 49.32701033290354,
    "RSI_21": 50.802966062549814
}