{
    "Symbol": "HPQ",
    "Date": "2025-01-10",
    "Close": 33.150001525878906,
    "Williams_R_21": -73.62917790895409,
    "EMA_13_Williams_R": -76.1202965956575,
    "RSI_14": 42.44616059655487,
    "RSI_21": 43.12182955265336
}