{
    "Symbol": "HRL",
    "Date": "2025-01-10",
    "Close": 29.954999923706055,
    "Williams_R_21": -100.0,
    "EMA_13_Williams_R": -78.77847816356537,
    "RSI_14": 33.478514618239686,
    "RSI_21": 38.68097409631713
}