{
    "Symbol": "HSIC",
    "Date": "2025-01-10",
    "Close": 69.73999786376953,
    "Williams_R_21": -82.07819221859783,
    "EMA_13_Williams_R": -74.75317732958912,
    "RSI_14": 43.336418542173995,
    "RSI_21": 45.2402817187106
}