{
    "Symbol": "HST",
    "Date": "2025-01-10",
    "Close": 16.895000457763672,
    "Williams_R_21": -86.10737855278302,
    "EMA_13_Williams_R": -77.45763936068913,
    "RSI_14": 35.60154208624086,
    "RSI_21": 40.022157250406224
}