{
    "Symbol": "HSY",
    "Date": "2025-01-10",
    "Close": 159.85000610351562,
    "Williams_R_21": -99.91892221811655,
    "EMA_13_Williams_R": -92.53175163356237,
    "RSI_14": 32.05261938172636,
    "RSI_21": 36.38087106901511
}