{
    "Symbol": "HUBB",
    "Date": "2025-01-10",
    "Close": 425.1549987792969,
    "Williams_R_21": -74.03125762939453,
    "EMA_13_Williams_R": -70.42516833964049,
    "RSI_14": 42.21714915810761,
    "RSI_21": 44.18153084545599
}