{
    "Symbol": "HUM",
    "Date": "2025-01-10",
    "Close": 273.8900146484375,
    "Williams_R_21": -26.90919360563942,
    "EMA_13_Williams_R": -52.206040659324714,
    "RSI_14": 57.84183417096776,
    "RSI_21": 52.83000604506329
}