{
    "Symbol": "HWM",
    "Date": "2025-01-10",
    "Close": 112.87000274658203,
    "Williams_R_21": -39.72907901331097,
    "EMA_13_Williams_R": -59.8927916326545,
    "RSI_14": 51.21639876037488,
    "RSI_21": 51.998619009843985
}