{
    "Symbol": "IBM",
    "Date": "2025-01-10",
    "Close": 219.02980041503906,
    "Williams_R_21": -91.48424727063868,
    "EMA_13_Williams_R": -74.39302227239236,
    "RSI_14": 42.01844983224514,
    "RSI_21": 45.98039153396213
}