{
    "Symbol": "ICE",
    "Date": "2025-01-10",
    "Close": 143.0500030517578,
    "Williams_R_21": -98.9075709074434,
    "EMA_13_Williams_R": -88.09218824995872,
    "RSI_14": 23.427761635654146,
    "RSI_21": 29.0487742626164
}