{
    "Symbol": "IDXX",
    "Date": "2025-01-10",
    "Close": 422.44000244140625,
    "Williams_R_21": -62.69854211986035,
    "EMA_13_Williams_R": -63.54908948847236,
    "RSI_14": 49.19579999042913,
    "RSI_21": 47.479189349697364
}