{
    "Symbol": "IEX",
    "Date": "2025-01-10",
    "Close": 206.60000610351562,
    "Williams_R_21": -91.53785425256372,
    "EMA_13_Williams_R": -85.30321946549435,
    "RSI_14": 34.2916920513826,
    "RSI_21": 38.51805338647324
}