{
    "Symbol": "IFF",
    "Date": "2025-01-10",
    "Close": 81.04000091552734,
    "Williams_R_21": -92.32987148601781,
    "EMA_13_Williams_R": -89.420472837731,
    "RSI_14": 23.69652383636472,
    "RSI_21": 27.55955904697406
}