{
    "Symbol": "INCY",
    "Date": "2025-01-10",
    "Close": 70.08000183105469,
    "Williams_R_21": -56.94603451009384,
    "EMA_13_Williams_R": -56.586590800849216,
    "RSI_14": 46.98391044460485,
    "RSI_21": 47.8996638535958
}