{
    "Symbol": "INTC",
    "Date": "2025-01-10",
    "Close": 18.954999923706055,
    "Williams_R_21": -97.49998699535475,
    "EMA_13_Williams_R": -74.36175904767104,
    "RSI_14": 34.836177772235416,
    "RSI_21": 37.750228995918114
}