{
    "Symbol": "INTU",
    "Date": "2025-01-10",
    "Close": 628.25,
    "Williams_R_21": -75.96051987259258,
    "EMA_13_Williams_R": -78.83756404617857,
    "RSI_14": 44.93752330760468,
    "RSI_21": 46.32059466386398
}