{
    "Symbol": "INVH",
    "Date": "2025-01-10",
    "Close": 30.389999389648438,
    "Williams_R_21": -92.43940605208036,
    "EMA_13_Williams_R": -85.56625205613447,
    "RSI_14": 30.208038095928114,
    "RSI_21": 34.217211499467375
}