{
    "Symbol": "IP",
    "Date": "2025-01-10",
    "Close": 54.47999954223633,
    "Williams_R_21": -47.97688689750369,
    "EMA_13_Williams_R": -74.17339371652339,
    "RSI_14": 48.78656426292217,
    "RSI_21": 49.973856627623086
}