{
    "Symbol": "IPG",
    "Date": "2025-01-10",
    "Close": 26.989999771118164,
    "Williams_R_21": -96.72315434433561,
    "EMA_13_Williams_R": -88.53766924055546,
    "RSI_14": 30.3266611127299,
    "RSI_21": 35.484083531229736
}