{
    "Symbol": "IQV",
    "Date": "2025-01-10",
    "Close": 204.6300048828125,
    "Williams_R_21": -25.484619652301767,
    "EMA_13_Williams_R": -47.911389976641004,
    "RSI_14": 57.397717407738924,
    "RSI_21": 51.687523312943654
}