{
    "Symbol": "IR",
    "Date": "2025-01-10",
    "Close": 87.08999633789062,
    "Williams_R_21": -99.87579723626341,
    "EMA_13_Williams_R": -89.00842608922896,
    "RSI_14": 23.848338483318745,
    "RSI_21": 29.293565865555237
}