{
    "Symbol": "IRM",
    "Date": "2025-01-10",
    "Close": 100.30500030517578,
    "Williams_R_21": -94.63280565952495,
    "EMA_13_Williams_R": -86.5001728448135,
    "RSI_14": 33.26074884521039,
    "RSI_21": 35.871349508473365
}