{
    "Symbol": "ISRG",
    "Date": "2025-01-10",
    "Close": 546.780029296875,
    "Williams_R_21": -10.760990874090213,
    "EMA_13_Williams_R": -47.87331811724637,
    "RSI_14": 57.63241854316073,
    "RSI_21": 56.61116240218467
}