{
    "Symbol": "IT",
    "Date": "2025-01-10",
    "Close": 487.7300109863281,
    "Williams_R_21": -72.40931149807898,
    "EMA_13_Williams_R": -73.3103132556383,
    "RSI_14": 40.39198629172009,
    "RSI_21": 41.27289846450703
}