{
    "Symbol": "ITW",
    "Date": "2025-01-10",
    "Close": 245.6750030517578,
    "Williams_R_21": -90.68906370055407,
    "EMA_13_Williams_R": -88.30204720680706,
    "RSI_14": 23.14033639808554,
    "RSI_21": 30.300054125853652
}