{
    "Symbol": "IVZ",
    "Date": "2025-01-10",
    "Close": 16.399999618530273,
    "Williams_R_21": -100.0,
    "EMA_13_Williams_R": -66.86738451949662,
    "RSI_14": 32.06553725212411,
    "RSI_21": 37.72131092772911
}