{
    "Symbol": "J",
    "Date": "2025-01-10",
    "Close": 131.82000732421875,
    "Williams_R_21": -86.03410806583585,
    "EMA_13_Williams_R": -80.48186166109922,
    "RSI_14": 38.851553548719366,
    "RSI_21": 42.08995627960663
}