{
    "Symbol": "JBHT",
    "Date": "2025-01-10",
    "Close": 173.88999938964844,
    "Williams_R_21": -55.301025679796375,
    "EMA_13_Williams_R": -62.22286705978084,
    "RSI_14": 44.66231430125515,
    "RSI_21": 45.61310521684096
}