{
    "Symbol": "JBL",
    "Date": "2025-01-10",
    "Close": 153.375,
    "Williams_R_21": -9.890785254150826,
    "EMA_13_Williams_R": -17.905933293992174,
    "RSI_14": 71.87789827201823,
    "RSI_21": 69.74035633393395
}