{
    "Symbol": "JCI",
    "Date": "2025-01-10",
    "Close": 78.76000213623047,
    "Williams_R_21": -90.32250881599101,
    "EMA_13_Williams_R": -79.1957159219707,
    "RSI_14": 41.51473373280884,
    "RSI_21": 44.783253938950715
}