{
    "Symbol": "JKHY",
    "Date": "2025-01-10",
    "Close": 171.4600067138672,
    "Williams_R_21": -82.43783298296448,
    "EMA_13_Williams_R": -68.13053161704768,
    "RSI_14": 41.17180059280863,
    "RSI_21": 43.13721746047381
}