{
    "Symbol": "JNJ",
    "Date": "2025-01-10",
    "Close": 142.86000061035156,
    "Williams_R_21": -78.52210868757996,
    "EMA_13_Williams_R": -82.75104660790988,
    "RSI_14": 38.53032993916222,
    "RSI_21": 38.18525274768037
}