{
    "Symbol": "JNPR",
    "Date": "2025-01-10",
    "Close": 38.31999969482422,
    "Williams_R_21": -6.748499280356662,
    "EMA_13_Williams_R": -10.014767895255579,
    "RSI_14": 66.11155956061103,
    "RSI_21": 60.38587289522837
}