{
    "Symbol": "JPM",
    "Date": "2025-01-10",
    "Close": 239.5,
    "Williams_R_21": -39.19193926062558,
    "EMA_13_Williams_R": -40.95744346269822,
    "RSI_14": 49.94666162570586,
    "RSI_21": 52.02001357471809
}