{
    "Symbol": "K",
    "Date": "2025-01-10",
    "Close": 81.46499633789062,
    "Williams_R_21": -9.200439453125,
    "EMA_13_Williams_R": -18.070495287041627,
    "RSI_14": 66.54875818933999,
    "RSI_21": 65.17851631446167
}