{
    "Symbol": "KDP",
    "Date": "2025-01-10",
    "Close": 30.524999618530273,
    "Williams_R_21": -95.66385804996412,
    "EMA_13_Williams_R": -81.56031830947988,
    "RSI_14": 31.057892486018496,
    "RSI_21": 34.11294791203502
}