{
    "Symbol": "KEY",
    "Date": "2025-01-10",
    "Close": 16.65999984741211,
    "Williams_R_21": -97.35748790203536,
    "EMA_13_Williams_R": -81.67067649762271,
    "RSI_14": 32.872294155860324,
    "RSI_21": 38.05768905812886
}