{
    "Symbol": "KEYS",
    "Date": "2025-01-10",
    "Close": 162.03500366210938,
    "Williams_R_21": -76.105875466533,
    "EMA_13_Williams_R": -64.8930027625752,
    "RSI_14": 45.84321790306872,
    "RSI_21": 48.33874296138837
}