{
    "Symbol": "KHC",
    "Date": "2025-01-10",
    "Close": 28.635000228881836,
    "Williams_R_21": -99.25927056206596,
    "EMA_13_Williams_R": -82.2876456192529,
    "RSI_14": 26.777231025764124,
    "RSI_21": 31.022504977068422
}