{
    "Symbol": "KIM",
    "Date": "2025-01-10",
    "Close": 21.584999084472656,
    "Williams_R_21": -97.33895458052217,
    "EMA_13_Williams_R": -87.92309027863253,
    "RSI_14": 24.4332750915771,
    "RSI_21": 30.15369494361805
}