{
    "Symbol": "KKR",
    "Date": "2025-01-10",
    "Close": 140.50599670410156,
    "Williams_R_21": -99.12117971500881,
    "EMA_13_Williams_R": -65.16342092411408,
    "RSI_14": 36.61170126456586,
    "RSI_21": 41.436826856804934
}