{
    "Symbol": "KLAC",
    "Date": "2025-01-10",
    "Close": 681.6099853515625,
    "Williams_R_21": -26.23555472242097,
    "EMA_13_Williams_R": -35.56360243263789,
    "RSI_14": 60.356281731966256,
    "RSI_21": 55.306470822515806
}