{
    "Symbol": "KMB",
    "Date": "2025-01-10",
    "Close": 124.5199966430664,
    "Williams_R_21": -95.74470058692985,
    "EMA_13_Williams_R": -87.52856913469697,
    "RSI_14": 27.318528102230726,
    "RSI_21": 31.56427344609526
}