{
    "Symbol": "KMI",
    "Date": "2025-01-10",
    "Close": 28.1299991607666,
    "Williams_R_21": -22.69739339392095,
    "EMA_13_Williams_R": -31.693040127757584,
    "RSI_14": 60.78357553267456,
    "RSI_21": 60.54557328133723
}