{
    "Symbol": "KMX",
    "Date": "2025-01-10",
    "Close": 79.25,
    "Williams_R_21": -94.33961358799834,
    "EMA_13_Williams_R": -78.3532832258547,
    "RSI_14": 41.3009059825751,
    "RSI_21": 45.22274665261929
}