{
    "Symbol": "KO",
    "Date": "2025-01-10",
    "Close": 60.90629959106445,
    "Williams_R_21": -91.32422044331416,
    "EMA_13_Williams_R": -77.96103070050013,
    "RSI_14": 37.53978581691594,
    "RSI_21": 38.567205791510524
}