{
    "Symbol": "KR",
    "Date": "2025-01-10",
    "Close": 59.04499816894531,
    "Williams_R_21": -78.63326891905449,
    "EMA_13_Williams_R": -50.48536803458724,
    "RSI_14": 42.22090301636487,
    "RSI_21": 46.64383411363466
}