{
    "Symbol": "KVUE",
    "Date": "2025-01-10",
    "Close": 20.7549991607666,
    "Williams_R_21": -96.94324598957205,
    "EMA_13_Williams_R": -91.52193376334375,
    "RSI_14": 26.031302634956926,
    "RSI_21": 32.130970648399376
}