{
    "Symbol": "L",
    "Date": "2025-01-10",
    "Close": 81.04499816894531,
    "Williams_R_21": -94.30638878621592,
    "EMA_13_Williams_R": -57.719891142194925,
    "RSI_14": 37.661015510459855,
    "RSI_21": 42.29278590715012
}