{
    "Symbol": "LDOS",
    "Date": "2025-01-10",
    "Close": 149.59500122070312,
    "Williams_R_21": -60.657639383366224,
    "EMA_13_Williams_R": -80.54428237978422,
    "RSI_14": 46.169196266430376,
    "RSI_21": 43.44944654072744
}