{
    "Symbol": "LEN",
    "Date": "2025-01-10",
    "Close": 130.6999969482422,
    "Williams_R_21": -99.6507508670981,
    "EMA_13_Williams_R": -94.72155295671826,
    "RSI_14": 19.189402087975584,
    "RSI_21": 24.388334981739124
}