{
    "Symbol": "LH",
    "Date": "2025-01-10",
    "Close": 231.8800048828125,
    "Williams_R_21": -53.2638423089924,
    "EMA_13_Williams_R": -62.49118160619189,
    "RSI_14": 50.653764073744526,
    "RSI_21": 50.777712658943486
}