{
    "Symbol": "LHX",
    "Date": "2025-01-10",
    "Close": 205.44000244140625,
    "Williams_R_21": -91.01271872460707,
    "EMA_13_Williams_R": -93.5577873992739,
    "RSI_14": 30.854667760946136,
    "RSI_21": 32.26755721304934
}