{
    "Symbol": "LII",
    "Date": "2025-01-10",
    "Close": 614.6199951171875,
    "Williams_R_21": -81.38614192325251,
    "EMA_13_Williams_R": -77.02857103600967,
    "RSI_14": 43.898188956745706,
    "RSI_21": 46.039423794450194
}