{
    "Symbol": "LIN",
    "Date": "2025-01-10",
    "Close": 413.25,
    "Williams_R_21": -92.8271297745171,
    "EMA_13_Williams_R": -89.57780720858682,
    "RSI_14": 32.59488831475396,
    "RSI_21": 33.46820731437854
}