{
    "Symbol": "LKQ",
    "Date": "2025-01-10",
    "Close": 36.22999954223633,
    "Williams_R_21": -83.03800793457644,
    "EMA_13_Williams_R": -79.49213287113115,
    "RSI_14": 40.1827043687988,
    "RSI_21": 41.79005569833339
}