{
    "Symbol": "LLY",
    "Date": "2025-01-10",
    "Close": 787.614990234375,
    "Williams_R_21": -42.83282503710661,
    "EMA_13_Williams_R": -62.311999983195406,
    "RSI_14": 50.56359125392063,
    "RSI_21": 47.872182779542335
}