{
    "Symbol": "LMT",
    "Date": "2025-01-10",
    "Close": 466.2300109863281,
    "Williams_R_21": -90.65013826402597,
    "EMA_13_Williams_R": -89.43033851453053,
    "RSI_14": 27.14820563106369,
    "RSI_21": 29.28675489013333
}