{
    "Symbol": "LNT",
    "Date": "2025-01-10",
    "Close": 56.970001220703125,
    "Williams_R_21": -97.60760092063786,
    "EMA_13_Williams_R": -82.6754473537918,
    "RSI_14": 32.27970253853647,
    "RSI_21": 37.08286157428841
}