{
    "Symbol": "LOW",
    "Date": "2025-01-10",
    "Close": 249.05999755859375,
    "Williams_R_21": -79.92763748852076,
    "EMA_13_Williams_R": -85.44497299781602,
    "RSI_14": 40.24065728991696,
    "RSI_21": 41.28622617976525
}