{
    "Symbol": "LRCX",
    "Date": "2025-01-10",
    "Close": 74.91999816894531,
    "Williams_R_21": -52.35239715016469,
    "EMA_13_Williams_R": -48.30661283700576,
    "RSI_14": 49.87465294521273,
    "RSI_21": 49.37248058675526
}