{
    "Symbol": "LULU",
    "Date": "2025-01-10",
    "Close": 389.260009765625,
    "Williams_R_21": -53.394610749430704,
    "EMA_13_Williams_R": -42.042801915265876,
    "RSI_14": 60.14048975535844,
    "RSI_21": 61.51685136940149
}