{
    "Symbol": "LUV",
    "Date": "2025-01-10",
    "Close": 33.13999938964844,
    "Williams_R_21": -56.44446478949653,
    "EMA_13_Williams_R": -59.8567584883014,
    "RSI_14": 50.47373424944266,
    "RSI_21": 52.88433954399814
}