{
    "Symbol": "LVS",
    "Date": "2025-01-10",
    "Close": 47.7400016784668,
    "Williams_R_21": -98.08915216514484,
    "EMA_13_Williams_R": -83.10284798684108,
    "RSI_14": 33.74029425969846,
    "RSI_21": 39.30433693255692
}