{
    "Symbol": "LW",
    "Date": "2025-01-10",
    "Close": 60.209999084472656,
    "Williams_R_21": -99.00046708630293,
    "EMA_13_Williams_R": -81.72083615176165,
    "RSI_14": 31.016904419435065,
    "RSI_21": 34.41289816279918
}