{
    "Symbol": "LYB",
    "Date": "2025-01-10",
    "Close": 72.31500244140625,
    "Williams_R_21": -98.3145537663839,
    "EMA_13_Williams_R": -89.02767319526839,
    "RSI_14": 32.769587099451144,
    "RSI_21": 32.71486568948963
}