{
    "Symbol": "LYV",
    "Date": "2025-01-10",
    "Close": 129.7050018310547,
    "Williams_R_21": -77.99142247723083,
    "EMA_13_Williams_R": -75.90946474188874,
    "RSI_14": 42.735086229111054,
    "RSI_21": 48.994228794342156
}