{
    "Symbol": "MA",
    "Date": "2025-01-10",
    "Close": 506.07000732421875,
    "Williams_R_21": -99.51044163943965,
    "EMA_13_Williams_R": -68.81870144352305,
    "RSI_14": 35.72980739407617,
    "RSI_21": 41.228440528947765
}