{
    "Symbol": "MAA",
    "Date": "2025-01-10",
    "Close": 148.77000427246094,
    "Williams_R_21": -86.30528050290918,
    "EMA_13_Williams_R": -78.17106333270037,
    "RSI_14": 37.72341770938127,
    "RSI_21": 40.38451987136423
}