{
    "Symbol": "MAR",
    "Date": "2025-01-10",
    "Close": 273.54998779296875,
    "Williams_R_21": -82.73357413374171,
    "EMA_13_Williams_R": -77.51733466952385,
    "RSI_14": 41.228607935983455,
    "RSI_21": 45.65022447804018
}