{
    "Symbol": "MAS",
    "Date": "2025-01-10",
    "Close": 72.09500122070312,
    "Williams_R_21": -89.42965619732288,
    "EMA_13_Williams_R": -87.1949270866828,
    "RSI_14": 35.418038161850674,
    "RSI_21": 36.857823575605934
}