{
    "Symbol": "MCD",
    "Date": "2025-01-10",
    "Close": 283.5199890136719,
    "Williams_R_21": -98.97445287459935,
    "EMA_13_Williams_R": -77.5043643976991,
    "RSI_14": 34.70952383830963,
    "RSI_21": 39.29800028206799
}