{
    "Symbol": "MCHP",
    "Date": "2025-01-10",
    "Close": 54.869998931884766,
    "Williams_R_21": -96.78617655588012,
    "EMA_13_Williams_R": -82.75271769079019,
    "RSI_14": 32.67431188575136,
    "RSI_21": 34.650492219347946
}