{
    "Symbol": "MCK",
    "Date": "2025-01-10",
    "Close": 590.7100219726562,
    "Williams_R_21": -4.681029633663985,
    "EMA_13_Williams_R": -54.802735703027295,
    "RSI_14": 57.313866995240495,
    "RSI_21": 55.79149091891951
}