{
    "Symbol": "MCO",
    "Date": "2025-01-10",
    "Close": 453.4800109863281,
    "Williams_R_21": -98.5046701724386,
    "EMA_13_Williams_R": -67.15482180428647,
    "RSI_14": 35.46219305576008,
    "RSI_21": 39.23351593271407
}