{
    "Symbol": "MDLZ",
    "Date": "2025-01-10",
    "Close": 56.94499969482422,
    "Williams_R_21": -99.85420080847008,
    "EMA_13_Williams_R": -88.51834423289989,
    "RSI_14": 26.408120994865563,
    "RSI_21": 28.59626877682308
}