{
    "Symbol": "MDT",
    "Date": "2025-01-10",
    "Close": 81.36820220947266,
    "Williams_R_21": -56.79412996307434,
    "EMA_13_Williams_R": -75.46586044515438,
    "RSI_14": 46.06619140885062,
    "RSI_21": 43.82485384102085
}