{
    "Symbol": "MET",
    "Date": "2025-01-10",
    "Close": 80.56999969482422,
    "Williams_R_21": -68.95975237746563,
    "EMA_13_Williams_R": -61.4158776660495,
    "RSI_14": 42.03849304332278,
    "RSI_21": 44.87201498941359
}