{
    "Symbol": "META",
    "Date": "2025-01-10",
    "Close": 614.75,
    "Williams_R_21": -39.96765881717373,
    "EMA_13_Williams_R": -44.26140594900326,
    "RSI_14": 54.96952408631882,
    "RSI_21": 54.941170934321725
}