{
    "Symbol": "MGM",
    "Date": "2025-01-10",
    "Close": 32.11000061035156,
    "Williams_R_21": -95.70446712871261,
    "EMA_13_Williams_R": -86.23183823991347,
    "RSI_14": 27.590395427760487,
    "RSI_21": 32.04781277204393
}