{
    "Symbol": "MHK",
    "Date": "2025-01-10",
    "Close": 118.47000122070312,
    "Williams_R_21": -84.13434628622471,
    "EMA_13_Williams_R": -89.09714706803663,
    "RSI_14": 35.028355624382684,
    "RSI_21": 35.42239840496679
}