{
    "Symbol": "MKC",
    "Date": "2025-01-10",
    "Close": 72.47630310058594,
    "Williams_R_21": -99.71622029127269,
    "EMA_13_Williams_R": -82.66094409876182,
    "RSI_14": 28.493014194300038,
    "RSI_21": 34.220651856238845
}