{
    "Symbol": "MKTX",
    "Date": "2025-01-10",
    "Close": 215.2100067138672,
    "Williams_R_21": -93.75808576666957,
    "EMA_13_Williams_R": -92.70928686940212,
    "RSI_14": 19.63009521360316,
    "RSI_21": 24.52728526730051
}