{
    "Symbol": "MLM",
    "Date": "2025-01-10",
    "Close": 508.7699890136719,
    "Williams_R_21": -95.30936566983176,
    "EMA_13_Williams_R": -91.88776497796421,
    "RSI_14": 30.092927220866596,
    "RSI_21": 33.44023140613642
}