{
    "Symbol": "MMC",
    "Date": "2025-01-10",
    "Close": 209.64500427246094,
    "Williams_R_21": -86.018100672216,
    "EMA_13_Williams_R": -86.80837791866773,
    "RSI_14": 36.21626024485928,
    "RSI_21": 37.98437459719646
}