{
    "Symbol": "MMM",
    "Date": "2025-01-10",
    "Close": 131.68960571289062,
    "Williams_R_21": -32.12019546349646,
    "EMA_13_Williams_R": -43.11293352782299,
    "RSI_14": 53.71784506176539,
    "RSI_21": 52.733373743439
}