{
    "Symbol": "MNST",
    "Date": "2025-01-10",
    "Close": 50.09000015258789,
    "Williams_R_21": -100.0,
    "EMA_13_Williams_R": -70.17152886805574,
    "RSI_14": 30.844028683284634,
    "RSI_21": 37.20307689170861
}