{
    "Symbol": "MO",
    "Date": "2025-01-10",
    "Close": 51.435001373291016,
    "Williams_R_21": -88.19737032276028,
    "EMA_13_Williams_R": -85.73566428542821,
    "RSI_14": 36.60255564535122,
    "RSI_21": 41.373858793771745
}