{
    "Symbol": "MOH",
    "Date": "2025-01-10",
    "Close": 297.32000732421875,
    "Williams_R_21": -51.523381554551406,
    "EMA_13_Williams_R": -65.89373181109843,
    "RSI_14": 49.92366986368704,
    "RSI_21": 48.21774365444345
}