{
    "Symbol": "MOS",
    "Date": "2025-01-10",
    "Close": 24.1200008392334,
    "Williams_R_21": -84.35750320599739,
    "EMA_13_Williams_R": -72.37916451607495,
    "RSI_14": 41.110499575342416,
    "RSI_21": 42.84766723109758
}