{
    "Symbol": "MPC",
    "Date": "2025-01-10",
    "Close": 143.13499450683594,
    "Williams_R_21": -45.82795173891129,
    "EMA_13_Williams_R": -64.40545129883952,
    "RSI_14": 50.436879100665024,
    "RSI_21": 46.64365749942591
}