{
    "Symbol": "MPWR",
    "Date": "2025-01-10",
    "Close": 582.3400268554688,
    "Williams_R_21": -98.0428674626756,
    "EMA_13_Williams_R": -47.9317865420768,
    "RSI_14": 40.446072482769615,
    "RSI_21": 40.593856944998485
}