{
    "Symbol": "MRK",
    "Date": "2025-01-10",
    "Close": 99.87999725341797,
    "Williams_R_21": -60.00005925741569,
    "EMA_13_Williams_R": -65.52044927537789,
    "RSI_14": 49.55043279796319,
    "RSI_21": 47.658609649660235
}