{
    "Symbol": "MRNA",
    "Date": "2025-01-10",
    "Close": 42.474998474121094,
    "Williams_R_21": -56.14111456287322,
    "EMA_13_Williams_R": -54.10343264527991,
    "RSI_14": 49.77171674229409,
    "RSI_21": 46.739775370824695
}