{
    "Symbol": "MS",
    "Date": "2025-01-10",
    "Close": 123.42500305175781,
    "Williams_R_21": -67.54654840837023,
    "EMA_13_Williams_R": -52.96786912951727,
    "RSI_14": 42.955578874652666,
    "RSI_21": 46.627906035786054
}