{
    "Symbol": "MSCI",
    "Date": "2025-01-10",
    "Close": 579.8300170898438,
    "Williams_R_21": -96.81518444564392,
    "EMA_13_Williams_R": -77.26083683490693,
    "RSI_14": 36.86757367201812,
    "RSI_21": 41.60367254680497
}