{
    "Symbol": "MSFT",
    "Date": "2025-01-10",
    "Close": 417.0899963378906,
    "Williams_R_21": -94.5776074394635,
    "EMA_13_Williams_R": -70.16266392944254,
    "RSI_14": 38.584894328026905,
    "RSI_21": 42.519527825589165
}