{
    "Symbol": "MSI",
    "Date": "2025-01-10",
    "Close": 456.3299865722656,
    "Williams_R_21": -80.40803789736265,
    "EMA_13_Williams_R": -81.99691308488013,
    "RSI_14": 37.97538328954256,
    "RSI_21": 41.38413723584542
}