{
    "Symbol": "MTB",
    "Date": "2025-01-10",
    "Close": 186.4600067138672,
    "Williams_R_21": -91.52796790345181,
    "EMA_13_Williams_R": -81.3957994221772,
    "RSI_14": 34.11404918724565,
    "RSI_21": 38.95932711872154
}