{
    "Symbol": "MTCH",
    "Date": "2025-01-10",
    "Close": 30.93000030517578,
    "Williams_R_21": -71.31978545170867,
    "EMA_13_Williams_R": -48.59883245310474,
    "RSI_14": 40.5011923431278,
    "RSI_21": 42.63664534480267
}