{
    "Symbol": "MTD",
    "Date": "2025-01-10",
    "Close": 1216.43994140625,
    "Williams_R_21": -79.82461955011435,
    "EMA_13_Williams_R": -56.72756346356433,
    "RSI_14": 41.33862373870695,
    "RSI_21": 42.42484939041768
}