{
    "Symbol": "MU",
    "Date": "2025-01-10",
    "Close": 99.2886962890625,
    "Williams_R_21": -44.28879794751852,
    "EMA_13_Williams_R": -61.22563771365001,
    "RSI_14": 54.06272938143677,
    "RSI_21": 51.539743359283776
}