{
    "Symbol": "NCLH",
    "Date": "2025-01-10",
    "Close": 25.594999313354492,
    "Williams_R_21": -64.60317758265633,
    "EMA_13_Williams_R": -67.20967774815931,
    "RSI_14": 45.86514129883708,
    "RSI_21": 48.66674502348655
}