{
    "Symbol": "NDAQ",
    "Date": "2025-01-10",
    "Close": 75.70999908447266,
    "Williams_R_21": -98.29062392813499,
    "EMA_13_Williams_R": -81.54995038306632,
    "RSI_14": 38.50756032984865,
    "RSI_21": 42.50219251045473
}