{
    "Symbol": "NDSN",
    "Date": "2025-01-10",
    "Close": 197.6300048828125,
    "Williams_R_21": -99.4307844073317,
    "EMA_13_Williams_R": -94.56391729000829,
    "RSI_14": 19.166408534844905,
    "RSI_21": 23.40352699660748
}