{
    "Symbol": "NEE",
    "Date": "2025-01-10",
    "Close": 67.84500122070312,
    "Williams_R_21": -99.33336046006944,
    "EMA_13_Williams_R": -79.03795521557595,
    "RSI_14": 26.713924964435336,
    "RSI_21": 31.514917072987203
}