{
    "Symbol": "NEM",
    "Date": "2025-01-10",
    "Close": 39.36000061035156,
    "Williams_R_21": -55.83038750181131,
    "EMA_13_Williams_R": -75.62397782645095,
    "RSI_14": 48.453776225859606,
    "RSI_21": 43.62643554761535
}