{
    "Symbol": "NFLX",
    "Date": "2025-01-10",
    "Close": 839.6500244140625,
    "Williams_R_21": -95.74264962597084,
    "EMA_13_Williams_R": -70.18712767538455,
    "RSI_14": 33.25126144611073,
    "RSI_21": 42.346864976586986
}