{
    "Symbol": "NI",
    "Date": "2025-01-10",
    "Close": 36.25,
    "Williams_R_21": -49.7175616116553,
    "EMA_13_Williams_R": -59.95949422988426,
    "RSI_14": 48.041880522939884,
    "RSI_21": 50.008593162356505
}