{
    "Symbol": "NKE",
    "Date": "2025-01-10",
    "Close": 71.7699966430664,
    "Williams_R_21": -90.90915728050433,
    "EMA_13_Williams_R": -83.2986605453482,
    "RSI_14": 32.06800921021865,
    "RSI_21": 36.34940905918961
}