{
    "Symbol": "NOC",
    "Date": "2025-01-10",
    "Close": 455.8500061035156,
    "Williams_R_21": -86.03102506195708,
    "EMA_13_Williams_R": -81.88617191135376,
    "RSI_14": 35.349968144908686,
    "RSI_21": 36.536907998894904
}