{
    "Symbol": "NOW",
    "Date": "2025-01-10",
    "Close": 1022.9349975585938,
    "Williams_R_21": -95.61813922153488,
    "EMA_13_Williams_R": -71.85283189352668,
    "RSI_14": 37.75914024014227,
    "RSI_21": 44.24920756247603
}