{
    "Symbol": "NRG",
    "Date": "2025-01-10",
    "Close": 97.55500030517578,
    "Williams_R_21": -23.995384629897785,
    "EMA_13_Williams_R": -46.58271970772867,
    "RSI_14": 56.586577930860194,
    "RSI_21": 55.272833966928346
}