{
    "Symbol": "NSC",
    "Date": "2025-01-10",
    "Close": 234.9499969482422,
    "Williams_R_21": -82.8244424348828,
    "EMA_13_Williams_R": -83.77917560229238,
    "RSI_14": 35.544553268922506,
    "RSI_21": 38.552209573602994
}