{
    "Symbol": "NTAP",
    "Date": "2025-01-10",
    "Close": 116.20999908447266,
    "Williams_R_21": -84.25966476754168,
    "EMA_13_Williams_R": -80.52248049785898,
    "RSI_14": 43.121655308706146,
    "RSI_21": 44.69281521835266
}