{
    "Symbol": "NTRS",
    "Date": "2025-01-10",
    "Close": 99.48999786376953,
    "Williams_R_21": -98.70778046753183,
    "EMA_13_Williams_R": -72.32073157722287,
    "RSI_14": 33.45094180169828,
    "RSI_21": 40.24339381441844
}