{
    "Symbol": "NUE",
    "Date": "2025-01-10",
    "Close": 117.7300033569336,
    "Williams_R_21": -82.632989877038,
    "EMA_13_Williams_R": -86.6271737084683,
    "RSI_14": 36.23238326173314,
    "RSI_21": 36.464235652439505
}