{
    "Symbol": "NVDA",
    "Date": "2025-01-10",
    "Close": 135.46270751953125,
    "Williams_R_21": -67.25273882730968,
    "EMA_13_Williams_R": -48.08255063641399,
    "RSI_14": 46.22222564214077,
    "RSI_21": 47.78521676742448
}