{
    "Symbol": "NVR",
    "Date": "2025-01-10",
    "Close": 7880.39990234375,
    "Williams_R_21": -96.16241854404748,
    "EMA_13_Williams_R": -88.83146574065654,
    "RSI_14": 29.521231598396596,
    "RSI_21": 32.23520499054428
}