{
    "Symbol": "NWS",
    "Date": "2025-01-10",
    "Close": 30.110000610351562,
    "Williams_R_21": -89.62959980276594,
    "EMA_13_Williams_R": -79.48202907575471,
    "RSI_14": 37.40111772587235,
    "RSI_21": 42.953994549252336
}