{
    "Symbol": "NWSA",
    "Date": "2025-01-10",
    "Close": 27.200000762939453,
    "Williams_R_21": -96.5665267671422,
    "EMA_13_Williams_R": -83.097574384293,
    "RSI_14": 34.019532149609624,
    "RSI_21": 39.519498067367216
}