{
    "Symbol": "NXPI",
    "Date": "2025-01-10",
    "Close": 207.86000061035156,
    "Williams_R_21": -84.10931041219591,
    "EMA_13_Williams_R": -78.42502691592257,
    "RSI_14": 40.46548670423198,
    "RSI_21": 41.59982935606721
}