{
    "Symbol": "O",
    "Date": "2025-01-10",
    "Close": 52.02000045776367,
    "Williams_R_21": -88.24441907747095,
    "EMA_13_Williams_R": -80.65425277706134,
    "RSI_14": 34.5772493547386,
    "RSI_21": 35.425908647280295
}