{
    "Symbol": "ODFL",
    "Date": "2025-01-10",
    "Close": 175.84500122070312,
    "Williams_R_21": -96.74049205076999,
    "EMA_13_Williams_R": -88.66386804134427,
    "RSI_14": 29.035658067186958,
    "RSI_21": 33.38853762437034
}