{
    "Symbol": "OKE",
    "Date": "2025-01-10",
    "Close": 101.2699966430664,
    "Williams_R_21": -53.66136828074084,
    "EMA_13_Williams_R": -67.89896719626711,
    "RSI_14": 44.78663608078251,
    "RSI_21": 46.90893674416612
}