{
    "Symbol": "OMC",
    "Date": "2025-01-10",
    "Close": 82.25749969482422,
    "Williams_R_21": -96.60512195616941,
    "EMA_13_Williams_R": -92.89199068504773,
    "RSI_14": 22.842289376843304,
    "RSI_21": 27.577965071124826
}