{
    "Symbol": "ON",
    "Date": "2025-01-10",
    "Close": 53.709999084472656,
    "Williams_R_21": -99.88158404991584,
    "EMA_13_Williams_R": -85.97757714285542,
    "RSI_14": 26.45025599483548,
    "RSI_21": 31.62322140489988
}