{
    "Symbol": "ORCL",
    "Date": "2025-01-10",
    "Close": 154.50999450683594,
    "Williams_R_21": -100.0,
    "EMA_13_Williams_R": -91.81307591520884,
    "RSI_14": 25.78658050780838,
    "RSI_21": 32.4396138263958
}