{
    "Symbol": "ORLY",
    "Date": "2025-01-10",
    "Close": 1199.9599609375,
    "Williams_R_21": -76.74038916199025,
    "EMA_13_Williams_R": -71.81675880690665,
    "RSI_14": 44.07766035722182,
    "RSI_21": 46.5591767418749
}