{
    "Symbol": "OTIS",
    "Date": "2025-01-10",
    "Close": 90.92500305175781,
    "Williams_R_21": -94.69406927578368,
    "EMA_13_Williams_R": -91.13322520097363,
    "RSI_14": 26.432645054416792,
    "RSI_21": 31.707895179100138
}