{
    "Symbol": "OXY",
    "Date": "2025-01-10",
    "Close": 51.6150016784668,
    "Williams_R_21": -12.550866924568401,
    "EMA_13_Williams_R": -29.346699878589465,
    "RSI_14": 65.62382883279248,
    "RSI_21": 59.055007258145984
}