{
    "Symbol": "PANW",
    "Date": "2025-01-10",
    "Close": 172.32000732421875,
    "Williams_R_21": -87.34364325434234,
    "EMA_13_Williams_R": -83.29860857994893,
    "RSI_14": 29.974137098651127,
    "RSI_21": 36.24717619102722
}