{
    "Symbol": "PARA",
    "Date": "2025-01-10",
    "Close": 10.545000076293945,
    "Williams_R_21": -76.5390484023988,
    "EMA_13_Williams_R": -69.66161630126514,
    "RSI_14": 45.78939649598893,
    "RSI_21": 47.0780851411071
}