{
    "Symbol": "PAYC",
    "Date": "2025-01-10",
    "Close": 202.41000366210938,
    "Williams_R_21": -88.40419258714684,
    "EMA_13_Williams_R": -84.11333783643694,
    "RSI_14": 38.40069344455692,
    "RSI_21": 43.155672170261
}