{
    "Symbol": "PAYX",
    "Date": "2025-01-10",
    "Close": 138.92999267578125,
    "Williams_R_21": -51.96574082926089,
    "EMA_13_Williams_R": -60.13479139007414,
    "RSI_14": 46.22176014781662,
    "RSI_21": 47.21402149425217
}