{
    "Symbol": "PCAR",
    "Date": "2025-01-10",
    "Close": 105.62999725341797,
    "Williams_R_21": -72.71673389327334,
    "EMA_13_Williams_R": -69.35619454316435,
    "RSI_14": 45.40267428851737,
    "RSI_21": 47.185495255382
}