{
    "Symbol": "PCG",
    "Date": "2025-01-10",
    "Close": 17.5049991607666,
    "Williams_R_21": -82.86120610329831,
    "EMA_13_Williams_R": -63.27113332844791,
    "RSI_14": 23.909355618246963,
    "RSI_21": 28.990571984246277
}