{
    "Symbol": "PEG",
    "Date": "2025-01-10",
    "Close": 84.25,
    "Williams_R_21": -57.515021787325125,
    "EMA_13_Williams_R": -66.87268769909585,
    "RSI_14": 40.346169851906424,
    "RSI_21": 43.08908340578502
}