{
    "Symbol": "PEP",
    "Date": "2025-01-10",
    "Close": 142.15499877929688,
    "Williams_R_21": -99.97274029059848,
    "EMA_13_Williams_R": -90.08142819765676,
    "RSI_14": 23.237638446775442,
    "RSI_21": 27.00510597595614
}