{
    "Symbol": "PFE",
    "Date": "2025-01-10",
    "Close": 26.94499969482422,
    "Williams_R_21": -24.900396135757617,
    "EMA_13_Williams_R": -22.474883247011107,
    "RSI_14": 57.589996298306744,
    "RSI_21": 54.05080565688618
}