{
    "Symbol": "PFG",
    "Date": "2025-01-10",
    "Close": 76.33999633789062,
    "Williams_R_21": -77.36319045300948,
    "EMA_13_Williams_R": -72.33714078682162,
    "RSI_14": 34.34154775353626,
    "RSI_21": 36.77529868372464
}