{
    "Symbol": "PG",
    "Date": "2025-01-10",
    "Close": 159.1699981689453,
    "Williams_R_21": -97.13115992858387,
    "EMA_13_Williams_R": -88.20729562039135,
    "RSI_14": 27.000558505824618,
    "RSI_21": 32.55504359563009
}