{
    "Symbol": "PGR",
    "Date": "2025-01-10",
    "Close": 236.9499969482422,
    "Williams_R_21": -97.63219740986932,
    "EMA_13_Williams_R": -83.00654642555499,
    "RSI_14": 37.16731370296477,
    "RSI_21": 39.925820340198996
}