{
    "Symbol": "PH",
    "Date": "2025-01-10",
    "Close": 626.4099731445312,
    "Williams_R_21": -97.86948730647528,
    "EMA_13_Williams_R": -84.93824936675486,
    "RSI_14": 34.45942338416948,
    "RSI_21": 38.6762737759082
}