{
    "Symbol": "PHM",
    "Date": "2025-01-10",
    "Close": 108.79399871826172,
    "Williams_R_21": -90.03083110399294,
    "EMA_13_Williams_R": -90.48794657692177,
    "RSI_14": 34.31038199414039,
    "RSI_21": 35.04142195410453
}