{
    "Symbol": "PKG",
    "Date": "2025-01-10",
    "Close": 229.3300018310547,
    "Williams_R_21": -60.82588133867563,
    "EMA_13_Williams_R": -79.53073200199641,
    "RSI_14": 46.99255662855587,
    "RSI_21": 48.10004968297256
}