{
    "Symbol": "PLD",
    "Date": "2025-01-10",
    "Close": 104.57029724121094,
    "Williams_R_21": -72.10496644575309,
    "EMA_13_Williams_R": -70.46867384112647,
    "RSI_14": 40.031345162510085,
    "RSI_21": 40.473721173540184
}