{
    "Symbol": "PLTR",
    "Date": "2025-01-10",
    "Close": 65.27010345458984,
    "Williams_R_21": -98.83533641825015,
    "EMA_13_Williams_R": -55.249475352269855,
    "RSI_14": 39.37760213986613,
    "RSI_21": 46.15614325939291
}