{
    "Symbol": "PM",
    "Date": "2025-01-10",
    "Close": 118.73999786376953,
    "Williams_R_21": -99.79180730109167,
    "EMA_13_Williams_R": -84.72021689106398,
    "RSI_14": 34.87530490831514,
    "RSI_21": 39.404905400287724
}