{
    "Symbol": "PNC",
    "Date": "2025-01-10",
    "Close": 189.8300018310547,
    "Williams_R_21": -95.24898813360655,
    "EMA_13_Williams_R": -80.07923951728304,
    "RSI_14": 34.841614297165776,
    "RSI_21": 40.13564746670384
}