{
    "Symbol": "PNR",
    "Date": "2025-01-10",
    "Close": 97.31500244140625,
    "Williams_R_21": -98.46938989386517,
    "EMA_13_Williams_R": -84.68123267969476,
    "RSI_14": 29.83395534929421,
    "RSI_21": 36.092121144298
}