{
    "Symbol": "PNW",
    "Date": "2025-01-10",
    "Close": 81.8499984741211,
    "Williams_R_21": -100.0,
    "EMA_13_Williams_R": -91.61092129903376,
    "RSI_14": 25.791533686207323,
    "RSI_21": 32.07813933120036
}