{
    "Symbol": "PODD",
    "Date": "2025-01-10",
    "Close": 271.7799987792969,
    "Williams_R_21": -31.985554847659476,
    "EMA_13_Williams_R": -53.93097162323454,
    "RSI_14": 59.017230539992084,
    "RSI_21": 58.48311989103164
}