{
    "Symbol": "POOL",
    "Date": "2025-01-10",
    "Close": 325.8500061035156,
    "Williams_R_21": -91.61896691190633,
    "EMA_13_Williams_R": -89.18640275384129,
    "RSI_14": 30.41604501693348,
    "RSI_21": 35.08460081928709
}