{
    "Symbol": "PPG",
    "Date": "2025-01-10",
    "Close": 114.05999755859375,
    "Williams_R_21": -95.62883700302893,
    "EMA_13_Williams_R": -87.16613697038123,
    "RSI_14": 29.798751419375545,
    "RSI_21": 33.670542593503036
}