{
    "Symbol": "PPL",
    "Date": "2025-01-10",
    "Close": 31.834999084472656,
    "Williams_R_21": -80.43487532341986,
    "EMA_13_Williams_R": -75.14975464508011,
    "RSI_14": 39.65407743143526,
    "RSI_21": 42.7668822339123
}