{
    "Symbol": "PRU",
    "Date": "2025-01-10",
    "Close": 115.31999969482422,
    "Williams_R_21": -88.30695260017414,
    "EMA_13_Williams_R": -72.74728032211532,
    "RSI_14": 34.81943114485592,
    "RSI_21": 38.933869055469295
}