{
    "Symbol": "PSA",
    "Date": "2025-01-10",
    "Close": 290.2300109863281,
    "Williams_R_21": -96.32373615740215,
    "EMA_13_Williams_R": -84.40658519220078,
    "RSI_14": 32.662372979404296,
    "RSI_21": 35.17883271410588
}