{
    "Symbol": "PSX",
    "Date": "2025-01-10",
    "Close": 113.69000244140625,
    "Williams_R_21": -78.37103728738663,
    "EMA_13_Williams_R": -78.83554738780177,
    "RSI_14": 37.34724865399839,
    "RSI_21": 37.81341810974494
}