{
    "Symbol": "PTC",
    "Date": "2025-01-10",
    "Close": 182.36500549316406,
    "Williams_R_21": -93.06242060561047,
    "EMA_13_Williams_R": -82.53757170833737,
    "RSI_14": 35.25727311377387,
    "RSI_21": 40.06398163361551
}