{
    "Symbol": "PWR",
    "Date": "2025-01-10",
    "Close": 311.19000244140625,
    "Williams_R_21": -89.44585273846624,
    "EMA_13_Williams_R": -72.64070826365422,
    "RSI_14": 38.92709584452317,
    "RSI_21": 43.08105882551372
}