{
    "Symbol": "PYPL",
    "Date": "2025-01-10",
    "Close": 83.79000091552734,
    "Williams_R_21": -99.87831952864828,
    "EMA_13_Williams_R": -68.03285997114544,
    "RSI_14": 40.66417394862945,
    "RSI_21": 45.33014844115053
}