{
    "Symbol": "QCOM",
    "Date": "2025-01-10",
    "Close": 156.3300018310547,
    "Williams_R_21": -57.5122732675314,
    "EMA_13_Williams_R": -52.05739729200665,
    "RSI_14": 46.844258932017006,
    "RSI_21": 46.60141163543165
}