{
    "Symbol": "RCL",
    "Date": "2025-01-10",
    "Close": 226.7550048828125,
    "Williams_R_21": -81.23006243392925,
    "EMA_13_Williams_R": -77.53623229838622,
    "RSI_14": 40.46365423402147,
    "RSI_21": 46.86030139604463
}