{
    "Symbol": "REG",
    "Date": "2025-01-10",
    "Close": 68.74520111083984,
    "Williams_R_21": -99.67357660424796,
    "EMA_13_Williams_R": -78.7778347677741,
    "RSI_14": 30.234384916187373,
    "RSI_21": 35.77264594727456
}