{
    "Symbol": "REGN",
    "Date": "2025-01-10",
    "Close": 702.489990234375,
    "Williams_R_21": -90.36451297051423,
    "EMA_13_Williams_R": -78.77378564724775,
    "RSI_14": 36.5275152669784,
    "RSI_21": 34.71526450429372
}