{
    "Symbol": "RF",
    "Date": "2025-01-10",
    "Close": 23.049999237060547,
    "Williams_R_21": -98.62072367447473,
    "EMA_13_Williams_R": -83.0761838298966,
    "RSI_14": 32.743476240211315,
    "RSI_21": 37.60907240196239
}