{
    "Symbol": "RJF",
    "Date": "2025-01-10",
    "Close": 154.6300048828125,
    "Williams_R_21": -58.19907247336378,
    "EMA_13_Williams_R": -55.18641616473309,
    "RSI_14": 43.93441493657412,
    "RSI_21": 48.319445874058594
}