{
    "Symbol": "RL",
    "Date": "2025-01-10",
    "Close": 239.00180053710938,
    "Williams_R_21": -26.988344913856338,
    "EMA_13_Williams_R": -20.963864620114077,
    "RSI_14": 62.961794929641066,
    "RSI_21": 62.81052189486952
}