{
    "Symbol": "RMD",
    "Date": "2025-01-10",
    "Close": 234.32000732421875,
    "Williams_R_21": -58.11266616412125,
    "EMA_13_Williams_R": -63.21136776342273,
    "RSI_14": 46.87728511386722,
    "RSI_21": 47.025408132838955
}