{
    "Symbol": "ROK",
    "Date": "2025-01-10",
    "Close": 274.3699951171875,
    "Williams_R_21": -99.76697069020432,
    "EMA_13_Williams_R": -76.63354817158923,
    "RSI_14": 34.88469218537854,
    "RSI_21": 41.50878744510424
}