{
    "Symbol": "ROL",
    "Date": "2025-01-10",
    "Close": 46.369998931884766,
    "Williams_R_21": -76.32185883685894,
    "EMA_13_Williams_R": -87.21084464793844,
    "RSI_14": 38.11368787602768,
    "RSI_21": 39.58800899963899
}