{
    "Symbol": "ROP",
    "Date": "2025-01-10",
    "Close": 503.79998779296875,
    "Williams_R_21": -97.52058320490153,
    "EMA_13_Williams_R": -91.46789167329018,
    "RSI_14": 26.451552861535372,
    "RSI_21": 31.478981189759033
}