{
    "Symbol": "ROST",
    "Date": "2025-01-10",
    "Close": 153.86500549316406,
    "Williams_R_21": -32.51674655174941,
    "EMA_13_Williams_R": -42.156871374085036,
    "RSI_14": 55.47851090508391,
    "RSI_21": 55.21381447653611
}