{
    "Symbol": "RSG",
    "Date": "2025-01-10",
    "Close": 207.63999938964844,
    "Williams_R_21": -38.59767401734628,
    "EMA_13_Williams_R": -75.17195090317045,
    "RSI_14": 56.52301763258859,
    "RSI_21": 53.09001088647697
}