{
    "Symbol": "RTX",
    "Date": "2025-01-10",
    "Close": 115.08879852294922,
    "Williams_R_21": -70.58881813617988,
    "EMA_13_Williams_R": -71.7249015724733,
    "RSI_14": 43.01687460297991,
    "RSI_21": 43.91961768705099
}