{
    "Symbol": "RVTY",
    "Date": "2025-01-10",
    "Close": 113.94000244140625,
    "Williams_R_21": -52.16397928882679,
    "EMA_13_Williams_R": -52.1009209760553,
    "RSI_14": 48.62526558560574,
    "RSI_21": 47.85880781135937
}