{
    "Symbol": "SBAC",
    "Date": "2025-01-10",
    "Close": 194.94000244140625,
    "Williams_R_21": -91.98524471634865,
    "EMA_13_Williams_R": -86.01148404434464,
    "RSI_14": 31.12664617163482,
    "RSI_21": 33.16024385551889
}