{
    "Symbol": "SBUX",
    "Date": "2025-01-10",
    "Close": 92.0250015258789,
    "Williams_R_21": -56.26432333254844,
    "EMA_13_Williams_R": -63.57130424486237,
    "RSI_14": 43.421628616790436,
    "RSI_21": 44.0918176034175
}