{
    "Symbol": "SCHW",
    "Date": "2025-01-10",
    "Close": 72.69000244140625,
    "Williams_R_21": -89.5358240128148,
    "EMA_13_Williams_R": -85.07151508270951,
    "RSI_14": 34.30082739003672,
    "RSI_21": 39.9567172290631
}