{
    "Symbol": "SHW",
    "Date": "2025-01-10",
    "Close": 330.3999938964844,
    "Williams_R_21": -95.2047479262997,
    "EMA_13_Williams_R": -90.53936478575008,
    "RSI_14": 28.22512986554473,
    "RSI_21": 32.07169027843687
}