{
    "Symbol": "SJM",
    "Date": "2025-01-10",
    "Close": 101.55999755859375,
    "Williams_R_21": -98.76325651969377,
    "EMA_13_Williams_R": -86.37050219246282,
    "RSI_14": 25.89041836036725,
    "RSI_21": 31.773228083511825
}