{
    "Symbol": "SLB",
    "Date": "2025-01-10",
    "Close": 38.689998626708984,
    "Williams_R_21": -58.82356773330998,
    "EMA_13_Williams_R": -69.43846663057573,
    "RSI_14": 42.9411122272858,
    "RSI_21": 42.179158910236175
}