{
    "Symbol": "SMCI",
    "Date": "2025-01-10",
    "Close": 33.02000045776367,
    "Williams_R_21": -76.90598973815393,
    "EMA_13_Williams_R": -77.25762077777566,
    "RSI_14": 48.2685540794817,
    "RSI_21": 47.78082047375642
}