{
    "Symbol": "SNA",
    "Date": "2025-01-10",
    "Close": 332.95001220703125,
    "Williams_R_21": -94.56720841365778,
    "EMA_13_Williams_R": -87.16289530315129,
    "RSI_14": 33.59774133071273,
    "RSI_21": 41.03227507317567
}