{
    "Symbol": "SNPS",
    "Date": "2025-01-10",
    "Close": 487.8450012207031,
    "Williams_R_21": -80.63024120626106,
    "EMA_13_Williams_R": -80.31879772165905,
    "RSI_14": 42.58037352012343,
    "RSI_21": 43.588600087912674
}