{
    "Symbol": "SO",
    "Date": "2025-01-10",
    "Close": 81.91999816894531,
    "Williams_R_21": -65.40287530463333,
    "EMA_13_Williams_R": -78.8582472453985,
    "RSI_14": 41.831944481668806,
    "RSI_21": 41.63434675611917
}