{
    "Symbol": "SOLV",
    "Date": "2025-01-10",
    "Close": 68.2300033569336,
    "Williams_R_21": -56.34237659668201,
    "EMA_13_Williams_R": -65.19420561364309,
    "RSI_14": 49.40954748258043,
    "RSI_21": 48.59107842919484
}