{
    "Symbol": "SPG",
    "Date": "2025-01-10",
    "Close": 172.44500732421875,
    "Williams_R_21": -72.42458556948841,
    "EMA_13_Williams_R": -64.46588701715254,
    "RSI_14": 44.550868188117654,
    "RSI_21": 46.787270227461725
}