{
    "Symbol": "SPGI",
    "Date": "2025-01-10",
    "Close": 483.5799865722656,
    "Williams_R_21": -98.26609429285321,
    "EMA_13_Williams_R": -71.95772101589495,
    "RSI_14": 35.44689535571765,
    "RSI_21": 39.027910051329464
}