{
    "Symbol": "SRE",
    "Date": "2025-01-10",
    "Close": 79.11000061035156,
    "Williams_R_21": -99.53398847983117,
    "EMA_13_Williams_R": -81.95368799634204,
    "RSI_14": 23.45961775107601,
    "RSI_21": 30.743959805469196
}