{
    "Symbol": "STE",
    "Date": "2025-01-10",
    "Close": 207.71499633789062,
    "Williams_R_21": -58.50279697268839,
    "EMA_13_Williams_R": -71.91597830886417,
    "RSI_14": 45.79176891665638,
    "RSI_21": 43.985078016625245
}