{
    "Symbol": "STLD",
    "Date": "2025-01-10",
    "Close": 115.69000244140625,
    "Williams_R_21": -81.82724228999493,
    "EMA_13_Williams_R": -85.9026079071189,
    "RSI_14": 37.891265282736214,
    "RSI_21": 38.880402381376214
}