{
    "Symbol": "STT",
    "Date": "2025-01-10",
    "Close": 94.32499694824219,
    "Williams_R_21": -94.86042628622235,
    "EMA_13_Williams_R": -51.99007731096906,
    "RSI_14": 38.77720840427465,
    "RSI_21": 44.813190990969595
}