{
    "Symbol": "STX",
    "Date": "2025-01-10",
    "Close": 87.54000091552734,
    "Williams_R_21": -83.86331121793062,
    "EMA_13_Williams_R": -82.45333454443049,
    "RSI_14": 34.74840872146019,
    "RSI_21": 35.98027474968353
}