{
    "Symbol": "STZ",
    "Date": "2025-01-10",
    "Close": 189.6699981689453,
    "Williams_R_21": -98.26917023657323,
    "EMA_13_Williams_R": -87.75734727707061,
    "RSI_14": 14.741929099041368,
    "RSI_21": 20.483041701509098
}