{
    "Symbol": "SW",
    "Date": "2025-01-10",
    "Close": 51.58000183105469,
    "Williams_R_21": -82.52423768532998,
    "EMA_13_Williams_R": -58.01347947299212,
    "RSI_14": 41.68504479420273,
    "RSI_21": 46.239761262491946
}