{
    "Symbol": "SWK",
    "Date": "2025-01-10",
    "Close": 80.27999877929688,
    "Williams_R_21": -78.22826108124394,
    "EMA_13_Williams_R": -76.1894129050092,
    "RSI_14": 39.14280562709432,
    "RSI_21": 38.611078622641976
}