{
    "Symbol": "SWKS",
    "Date": "2025-01-10",
    "Close": 91.69499969482422,
    "Williams_R_21": -36.18420759102854,
    "EMA_13_Williams_R": -37.7739707218055,
    "RSI_14": 58.45739721210796,
    "RSI_21": 54.65134950855991
}