{
    "Symbol": "SYF",
    "Date": "2025-01-10",
    "Close": 64.16999816894531,
    "Williams_R_21": -83.50700354316368,
    "EMA_13_Williams_R": -54.604094622118176,
    "RSI_14": 43.561463325443164,
    "RSI_21": 48.78516589708848
}