{
    "Symbol": "SYK",
    "Date": "2025-01-10",
    "Close": 365.1099853515625,
    "Williams_R_21": -60.86593148296502,
    "EMA_13_Williams_R": -75.82131320587021,
    "RSI_14": 47.262612422979394,
    "RSI_21": 47.32687536805755
}