{
    "Symbol": "SYY",
    "Date": "2025-01-10",
    "Close": 74.00499725341797,
    "Williams_R_21": -94.46965489679992,
    "EMA_13_Williams_R": -81.563169859797,
    "RSI_14": 34.9280657069863,
    "RSI_21": 40.57870251437046
}