{
    "Symbol": "T",
    "Date": "2025-01-10",
    "Close": 21.614999771118164,
    "Williams_R_21": -94.61206825678178,
    "EMA_13_Williams_R": -79.24919543622347,
    "RSI_14": 30.67067279751321,
    "RSI_21": 38.17607170147086
}