{
    "Symbol": "TAP",
    "Date": "2025-01-10",
    "Close": 53.42070007324219,
    "Williams_R_21": -96.34181540749319,
    "EMA_13_Williams_R": -88.30239867695862,
    "RSI_14": 26.477259961806908,
    "RSI_21": 32.680121936903184
}