{
    "Symbol": "TDG",
    "Date": "2025-01-10",
    "Close": 1268.89501953125,
    "Williams_R_21": -49.667302524602654,
    "EMA_13_Williams_R": -54.53479804937253,
    "RSI_14": 48.64478795515054,
    "RSI_21": 48.27066239620239
}