{
    "Symbol": "TDY",
    "Date": "2025-01-10",
    "Close": 455.6600036621094,
    "Williams_R_21": -94.19469062962193,
    "EMA_13_Williams_R": -76.176513560795,
    "RSI_14": 39.799849128521295,
    "RSI_21": 43.54829016047637
}