{
    "Symbol": "TECH",
    "Date": "2025-01-10",
    "Close": 74.62999725341797,
    "Williams_R_21": -42.39377086030434,
    "EMA_13_Williams_R": -49.23473181816288,
    "RSI_14": 53.67078374813572,
    "RSI_21": 52.25082089458829
}