{
    "Symbol": "TEL",
    "Date": "2025-01-10",
    "Close": 141.75999450683594,
    "Williams_R_21": -85.7455166903409,
    "EMA_13_Williams_R": -78.98411055431909,
    "RSI_14": 37.15878633192378,
    "RSI_21": 40.06730978187038
}