{
    "Symbol": "TER",
    "Date": "2025-01-10",
    "Close": 133.91000366210938,
    "Williams_R_21": -36.5679545361136,
    "EMA_13_Williams_R": -21.812583717873213,
    "RSI_14": 61.251995328172235,
    "RSI_21": 59.84272107777366
}