{
    "Symbol": "TFC",
    "Date": "2025-01-10",
    "Close": 42.81209945678711,
    "Williams_R_21": -90.29013281134162,
    "EMA_13_Williams_R": -75.89579224460522,
    "RSI_14": 35.57177190235275,
    "RSI_21": 40.58427251550871
}