{
    "Symbol": "TFX",
    "Date": "2025-01-10",
    "Close": 176.1699981689453,
    "Williams_R_21": -73.78585905482987,
    "EMA_13_Williams_R": -67.4068863033724,
    "RSI_14": 37.07572978649971,
    "RSI_21": 36.2986454484864
}