{
    "Symbol": "TGT",
    "Date": "2025-01-10",
    "Close": 141.94500732421875,
    "Williams_R_21": -7.6448727715815075,
    "EMA_13_Williams_R": -27.4229379093432,
    "RSI_14": 61.85887139563182,
    "RSI_21": 55.62701482004897
}