{
    "Symbol": "TJX",
    "Date": "2025-01-10",
    "Close": 121.11000061035156,
    "Williams_R_21": -80.95240257764497,
    "EMA_13_Williams_R": -74.500764864874,
    "RSI_14": 45.83239949457564,
    "RSI_21": 48.642131108290826
}