{
    "Symbol": "TMO",
    "Date": "2025-01-10",
    "Close": 546.6649780273438,
    "Williams_R_21": -21.728773850156756,
    "EMA_13_Williams_R": -34.89660195517747,
    "RSI_14": 62.597571951954365,
    "RSI_21": 55.9432968655592
}