{
    "Symbol": "TMUS",
    "Date": "2025-01-10",
    "Close": 210.00999450683594,
    "Williams_R_21": -94.30181264487929,
    "EMA_13_Williams_R": -86.44833527803132,
    "RSI_14": 29.644012624169232,
    "RSI_21": 35.35537862537461
}