{
    "Symbol": "TPL",
    "Date": "2025-01-10",
    "Close": 1293.56005859375,
    "Williams_R_21": -17.40196368018715,
    "EMA_13_Williams_R": -62.432964306543816,
    "RSI_14": 56.937584792922294,
    "RSI_21": 54.29540688751956
}