{
    "Symbol": "TPR",
    "Date": "2025-01-10",
    "Close": 66.9800033569336,
    "Williams_R_21": -26.374924838507102,
    "EMA_13_Williams_R": -14.680754711671028,
    "RSI_14": 64.07823337791767,
    "RSI_21": 65.79817878929829
}