{
    "Symbol": "TRGP",
    "Date": "2025-01-10",
    "Close": 193.02000427246094,
    "Williams_R_21": -14.693220183344007,
    "EMA_13_Williams_R": -51.16308320956761,
    "RSI_14": 62.81097014584191,
    "RSI_21": 59.41220237339485
}