{
    "Symbol": "TRMB",
    "Date": "2025-01-10",
    "Close": 70.98999786376953,
    "Williams_R_21": -73.1708054596712,
    "EMA_13_Williams_R": -68.79625062379293,
    "RSI_14": 47.7927988722645,
    "RSI_21": 51.072075971920896
}