{
    "Symbol": "TROW",
    "Date": "2025-01-10",
    "Close": 109.16999816894531,
    "Williams_R_21": -99.4984061705704,
    "EMA_13_Williams_R": -81.02305271897345,
    "RSI_14": 29.931017872677156,
    "RSI_21": 36.470978467427415
}