{
    "Symbol": "TRV",
    "Date": "2025-01-10",
    "Close": 232.02999877929688,
    "Williams_R_21": -99.52513749928453,
    "EMA_13_Williams_R": -78.28166389145197,
    "RSI_14": 30.323938035914022,
    "RSI_21": 36.15386933051667
}