{
    "Symbol": "TSCO",
    "Date": "2025-01-10",
    "Close": 55.27000045776367,
    "Williams_R_21": -38.59647577920081,
    "EMA_13_Williams_R": -64.42678874450633,
    "RSI_14": 53.540296444753054,
    "RSI_21": 51.23350115095931
}