{
    "Symbol": "TSLA",
    "Date": "2025-01-10",
    "Close": 388.0899963378906,
    "Williams_R_21": -86.9697075385552,
    "EMA_13_Williams_R": -57.57809520559047,
    "RSI_14": 47.086766286825345,
    "RSI_21": 51.33897739431803
}