{
    "Symbol": "TSN",
    "Date": "2025-01-10",
    "Close": 54.68000030517578,
    "Williams_R_21": -99.40829310596236,
    "EMA_13_Williams_R": -89.86295841056052,
    "RSI_14": 21.8687659708409,
    "RSI_21": 28.4320464596308
}