{
    "Symbol": "TT",
    "Date": "2025-01-10",
    "Close": 377.8999938964844,
    "Williams_R_21": -68.2260775846062,
    "EMA_13_Williams_R": -75.40495818000272,
    "RSI_14": 41.72198162767595,
    "RSI_21": 42.96622056421087
}