{
    "Symbol": "TTWO",
    "Date": "2025-01-10",
    "Close": 177.52999877929688,
    "Williams_R_21": -98.78301042942316,
    "EMA_13_Williams_R": -58.8143950162316,
    "RSI_14": 40.25714753378447,
    "RSI_21": 45.436878775587246
}