{
    "Symbol": "TXN",
    "Date": "2025-01-10",
    "Close": 188.91000366210938,
    "Williams_R_21": -52.31558243222199,
    "EMA_13_Williams_R": -60.33381951765795,
    "RSI_14": 43.20840447112805,
    "RSI_21": 43.73524268637385
}