{
    "Symbol": "TXT",
    "Date": "2025-01-10",
    "Close": 75.28500366210938,
    "Williams_R_21": -95.08673027183715,
    "EMA_13_Williams_R": -90.3318499714555,
    "RSI_14": 29.89851604172003,
    "RSI_21": 33.49672351835925
}