{
    "Symbol": "TYL",
    "Date": "2025-01-10",
    "Close": 566.5900268554688,
    "Williams_R_21": -92.45731389645242,
    "EMA_13_Williams_R": -84.79929390309228,
    "RSI_14": 36.88702159059341,
    "RSI_21": 39.735082583148724
}