{
    "Symbol": "UAL",
    "Date": "2025-01-10",
    "Close": 109.16999816894531,
    "Williams_R_21": -8.433734939759036,
    "EMA_13_Williams_R": -33.92444572826241,
    "RSI_14": 71.92428971856756,
    "RSI_21": 69.76034504490472
}