{
    "Symbol": "UBER",
    "Date": "2025-01-10",
    "Close": 66.0,
    "Williams_R_21": -29.86328052922838,
    "EMA_13_Williams_R": -60.36138414918487,
    "RSI_14": 54.41070366011782,
    "RSI_21": 49.58010333201154
}