{
    "Symbol": "UDR",
    "Date": "2025-01-10",
    "Close": 40.41999816894531,
    "Williams_R_21": -94.99039710347535,
    "EMA_13_Williams_R": -83.32180095275936,
    "RSI_14": 29.94369873095366,
    "RSI_21": 34.504612305598975
}