{
    "Symbol": "UHS",
    "Date": "2025-01-10",
    "Close": 186.60000610351562,
    "Williams_R_21": -36.612579988702926,
    "EMA_13_Williams_R": -66.01199636779663,
    "RSI_14": 49.368075345656706,
    "RSI_21": 45.288679579353406
}