{
    "Symbol": "ULTA",
    "Date": "2025-01-10",
    "Close": 417.8207092285156,
    "Williams_R_21": -82.68826249060722,
    "EMA_13_Williams_R": -42.603448005567735,
    "RSI_14": 49.596281593041915,
    "RSI_21": 52.944716474963194
}