{
    "Symbol": "UNH",
    "Date": "2025-01-10",
    "Close": 529.5800170898438,
    "Williams_R_21": -41.52070700666122,
    "EMA_13_Williams_R": -67.05580037685166,
    "RSI_14": 50.71755014765672,
    "RSI_21": 47.181571358134185
}