{
    "Symbol": "UNP",
    "Date": "2025-01-10",
    "Close": 226.74000549316406,
    "Williams_R_21": -71.56174917615006,
    "EMA_13_Williams_R": -62.74447071693969,
    "RSI_14": 41.5343373106822,
    "RSI_21": 43.1795796609414
}