{
    "Symbol": "UPS",
    "Date": "2025-01-10",
    "Close": 123.71299743652344,
    "Williams_R_21": -80.88668845597597,
    "EMA_13_Williams_R": -73.0862073341278,
    "RSI_14": 40.67823641856208,
    "RSI_21": 42.18922665476966
}