{
    "Symbol": "URI",
    "Date": "2025-01-10",
    "Close": 670.1649780273438,
    "Williams_R_21": -90.17809300936295,
    "EMA_13_Williams_R": -92.48344315334126,
    "RSI_14": 22.41842906916338,
    "RSI_21": 28.531248847688538
}