{
    "Symbol": "USB",
    "Date": "2025-01-10",
    "Close": 47.185001373291016,
    "Williams_R_21": -90.13667195631062,
    "EMA_13_Williams_R": -72.5596594599028,
    "RSI_14": 36.773070310594605,
    "RSI_21": 41.723227979831115
}