{
    "Symbol": "V",
    "Date": "2025-01-10",
    "Close": 307.8299865722656,
    "Williams_R_21": -92.05625183350173,
    "EMA_13_Williams_R": -50.533270359965385,
    "RSI_14": 41.437183297896674,
    "RSI_21": 47.67814875463179
}