{
    "Symbol": "VICI",
    "Date": "2025-01-10",
    "Close": 28.225000381469727,
    "Williams_R_21": -92.76147789975298,
    "EMA_13_Williams_R": -77.55982212679373,
    "RSI_14": 30.99181585347855,
    "RSI_21": 33.556852961012034
}