{
    "Symbol": "VLO",
    "Date": "2025-01-10",
    "Close": 127.86499786376953,
    "Williams_R_21": -39.189197150571296,
    "EMA_13_Williams_R": -69.74618917207053,
    "RSI_14": 54.37279154196843,
    "RSI_21": 49.5491341377116
}