{
    "Symbol": "VLTO",
    "Date": "2025-01-10",
    "Close": 100.4000015258789,
    "Williams_R_21": -91.81933279431551,
    "EMA_13_Williams_R": -75.59017227542041,
    "RSI_14": 37.628103316500976,
    "RSI_21": 39.92460018855976
}