{
    "Symbol": "VMC",
    "Date": "2025-01-10",
    "Close": 250.7949981689453,
    "Williams_R_21": -97.21684357295052,
    "EMA_13_Williams_R": -89.89527691805222,
    "RSI_14": 29.868577850424018,
    "RSI_21": 35.36352655131859
}