{
    "Symbol": "VRSK",
    "Date": "2025-01-10",
    "Close": 274.1300048828125,
    "Williams_R_21": -83.95015709317603,
    "EMA_13_Williams_R": -80.04481458001634,
    "RSI_14": 42.67598604366017,
    "RSI_21": 44.55070721928532
}