{
    "Symbol": "VRSN",
    "Date": "2025-01-10",
    "Close": 209.1999969482422,
    "Williams_R_21": -19.858139239170722,
    "EMA_13_Williams_R": -15.439840338605878,
    "RSI_14": 65.15663306453409,
    "RSI_21": 63.836391822557395
}