{
    "Symbol": "VRTX",
    "Date": "2025-01-10",
    "Close": 408.0350036621094,
    "Williams_R_21": -69.38951217670426,
    "EMA_13_Williams_R": -69.98633026796631,
    "RSI_14": 37.76776155115503,
    "RSI_21": 38.361844383363675
}