{
    "Symbol": "VST",
    "Date": "2025-01-10",
    "Close": 159.04220581054688,
    "Williams_R_21": -20.124933360132413,
    "EMA_13_Williams_R": -37.654614445993396,
    "RSI_14": 59.783853437436754,
    "RSI_21": 58.34246751082277
}