{
    "Symbol": "VTR",
    "Date": "2025-01-10",
    "Close": 57.470001220703125,
    "Williams_R_21": -82.31109421123712,
    "EMA_13_Williams_R": -83.1652920332785,
    "RSI_14": 39.52978413753265,
    "RSI_21": 39.958569000249305
}