{
    "Symbol": "VTRS",
    "Date": "2025-01-10",
    "Close": 11.595000267028809,
    "Williams_R_21": -98.0830238717092,
    "EMA_13_Williams_R": -80.8086906151789,
    "RSI_14": 31.129301191470564,
    "RSI_21": 37.84451025489018
}