{
    "Symbol": "VZ",
    "Date": "2025-01-10",
    "Close": 37.7864990234375,
    "Williams_R_21": -96.02172079291438,
    "EMA_13_Williams_R": -89.0034225588953,
    "RSI_14": 22.116007129126235,
    "RSI_21": 28.476663924218045
}