{
    "Symbol": "WAB",
    "Date": "2025-01-10",
    "Close": 188.47000122070312,
    "Williams_R_21": -91.80153225260256,
    "EMA_13_Williams_R": -80.61348587004885,
    "RSI_14": 40.269537599178996,
    "RSI_21": 43.55495625137914
}