{
    "Symbol": "WAT",
    "Date": "2025-01-10",
    "Close": 379.510009765625,
    "Williams_R_21": -41.0550568671716,
    "EMA_13_Williams_R": -50.724417596342555,
    "RSI_14": 55.42604407592421,
    "RSI_21": 54.519902274048306
}