{
    "Symbol": "WBA",
    "Date": "2025-01-10",
    "Close": 11.194999694824219,
    "Williams_R_21": -17.801878472385226,
    "EMA_13_Williams_R": -55.818085242975435,
    "RSI_14": 66.86431054887663,
    "RSI_21": 62.961321883382645
}