{
    "Symbol": "WBD",
    "Date": "2025-01-10",
    "Close": 9.545000076293945,
    "Williams_R_21": -97.6780241518793,
    "EMA_13_Williams_R": -80.8081768626079,
    "RSI_14": 36.89951278466644,
    "RSI_21": 43.497098848079645
}