{
    "Symbol": "WDAY",
    "Date": "2025-01-10",
    "Close": 251.4425048828125,
    "Williams_R_21": -87.31353286668954,
    "EMA_13_Williams_R": -73.89006841945385,
    "RSI_14": 41.22434005958841,
    "RSI_21": 44.78451357956986
}