{
    "Symbol": "WDC",
    "Date": "2025-01-10",
    "Close": 62.38999938964844,
    "Williams_R_21": -70.66556917047092,
    "EMA_13_Williams_R": -70.5017054804584,
    "RSI_14": 44.155962945729726,
    "RSI_21": 44.73953002800191
}