{
    "Symbol": "WEC",
    "Date": "2025-01-10",
    "Close": 93.52999877929688,
    "Williams_R_21": -72.15417525697436,
    "EMA_13_Williams_R": -76.66962319849416,
    "RSI_14": 42.08101163369292,
    "RSI_21": 43.52204545841808
}