{
    "Symbol": "WELL",
    "Date": "2025-01-10",
    "Close": 123.66999816894531,
    "Williams_R_21": -94.59462113252752,
    "EMA_13_Williams_R": -84.42878730280165,
    "RSI_14": 38.70785847576765,
    "RSI_21": 40.78363233629265
}