{
    "Symbol": "WFC",
    "Date": "2025-01-10",
    "Close": 69.69999694824219,
    "Williams_R_21": -77.70968355951085,
    "EMA_13_Williams_R": -65.9867703686169,
    "RSI_14": 43.07272615093097,
    "RSI_21": 47.68262317383225
}