{
    "Symbol": "WM",
    "Date": "2025-01-10",
    "Close": 207.16000366210938,
    "Williams_R_21": -60.18121850738742,
    "EMA_13_Williams_R": -83.04719918241743,
    "RSI_14": 46.284562504962196,
    "RSI_21": 44.6800396204309
}