{
    "Symbol": "WMB",
    "Date": "2025-01-10",
    "Close": 55.84000015258789,
    "Williams_R_21": -26.30596430696353,
    "EMA_13_Williams_R": -42.52163811920943,
    "RSI_14": 55.15835728872817,
    "RSI_21": 55.18012412006546
}