{
    "Symbol": "WMT",
    "Date": "2025-01-10",
    "Close": 92.72000122070312,
    "Williams_R_21": -45.49358050105163,
    "EMA_13_Williams_R": -56.93754935241117,
    "RSI_14": 56.23652885616318,
    "RSI_21": 57.4777829914488
}