{
    "Symbol": "WRB",
    "Date": "2025-01-10",
    "Close": 56.2400016784668,
    "Williams_R_21": -97.53246051936783,
    "EMA_13_Williams_R": -83.3678285351331,
    "RSI_14": 31.74592497933598,
    "RSI_21": 37.17837983744016
}