{
    "Symbol": "WST",
    "Date": "2025-01-10",
    "Close": 335.4200134277344,
    "Williams_R_21": -20.671332366404805,
    "EMA_13_Williams_R": -27.446286327184175,
    "RSI_14": 57.999988257738934,
    "RSI_21": 56.66789367621015
}