{
    "Symbol": "WTW",
    "Date": "2025-01-10",
    "Close": 311.9649963378906,
    "Williams_R_21": -53.591126682758365,
    "EMA_13_Williams_R": -69.67681591135552,
    "RSI_14": 50.048062418762875,
    "RSI_21": 51.25689204898675
}