{
    "Symbol": "WY",
    "Date": "2025-01-10",
    "Close": 27.440000534057617,
    "Williams_R_21": -92.19710466877349,
    "EMA_13_Williams_R": -84.41697496106833,
    "RSI_14": 32.90858584513475,
    "RSI_21": 35.47649832624271
}