{
    "Symbol": "WYNN",
    "Date": "2025-01-10",
    "Close": 82.30000305175781,
    "Williams_R_21": -87.52326467983538,
    "EMA_13_Williams_R": -88.54742185019659,
    "RSI_14": 34.84571956854983,
    "RSI_21": 38.41483628999767
}