{
    "Symbol": "XEL",
    "Date": "2025-01-10",
    "Close": 62.96500015258789,
    "Williams_R_21": -99.91811943308848,
    "EMA_13_Williams_R": -82.76482942363208,
    "RSI_14": 29.04146285752709,
    "RSI_21": 35.07283601788404
}