{
    "Symbol": "XOM",
    "Date": "2025-01-10",
    "Close": 106.13999938964844,
    "Williams_R_21": -85.61943672455948,
    "EMA_13_Williams_R": -81.36035636667512,
    "RSI_14": 33.71132610917948,
    "RSI_21": 35.18247423760846
}