{
    "Symbol": "XYL",
    "Date": "2025-01-10",
    "Close": 114.58000183105469,
    "Williams_R_21": -95.15465286074604,
    "EMA_13_Williams_R": -88.74944477761655,
    "RSI_14": 31.186421525392323,
    "RSI_21": 34.44202005804075
}