{
    "Symbol": "YUM",
    "Date": "2025-01-10",
    "Close": 125.04000091552734,
    "Williams_R_21": -97.79766192905556,
    "EMA_13_Williams_R": -74.45424761287086,
    "RSI_14": 26.571423185271563,
    "RSI_21": 32.74053709454568
}