{
    "Symbol": "ZBH",
    "Date": "2025-01-10",
    "Close": 103.72000122070312,
    "Williams_R_21": -68.00233696177875,
    "EMA_13_Williams_R": -81.95508490408373,
    "RSI_14": 40.59237641005707,
    "RSI_21": 42.550425340169426
}