{
    "Symbol": "ZBRA",
    "Date": "2025-01-10",
    "Close": 382.7099914550781,
    "Williams_R_21": -86.26093033092123,
    "EMA_13_Williams_R": -62.30361597979116,
    "RSI_14": 41.849890606014405,
    "RSI_21": 45.328840986577646
}