{
    "Symbol": "ZTS",
    "Date": "2025-01-10",
    "Close": 164.52000427246094,
    "Williams_R_21": -81.51455254303465,
    "EMA_13_Williams_R": -82.63278031243142,
    "RSI_14": 40.06095662653003,
    "RSI_21": 39.818013737672146
}